:020000040000fa
:020000041fc01b
:042ff000ffffff3ca4
:020000040000fa
:020000041fc01b
:042ff400d9f9f8ff10
:020000040000fa
:020000041fc01b
:042ff800db0d74ff7a
:020000040000fa
:020000041fc01b
:042ffc00f7ffff6f6d
:020000040000fa
:020000041fc01b
:100000000200f00f0000000000601a40c0045a7f98
:100010000500401300000000019d1a3ca01e5a2755
:10002000080040030000000002a01d3cf0ffbd27b7
:1000300000a01c3cf07f9c27026009402058200152
:10004000801e2a7d8449497d02608940c0000000ed
:1000500000e0dc4102608b40c0000000019d083cd4
:10006000f81f082509f800010000000000a0083c66
:100070000c00082500a0093c0401292503000010fc
:1000800000000000000000ad040008252b08090155
:10009000fcff201400000000019d083cf8fe08252c
:1000a00009f80001000000000000093c00002925bb
:1000b00010002011000000000200093c000029256a
:1000c00088bf0a3c10204a25000049ad0200093cc7
:1000d0000000292588bf0a3c20204a25000049ada0
:1000e0000200093c0000292588bf0a3c30204a252f
:1000f000000049ad00488040ffff0a2400588a40b4
:100100004000083c00600a4025500a0100608a4017
:10011000c09f093c00102925c000000001788940db
:100120000000093c0100292500000a2444492a7dd9
:1001300001608a408000093c0068894000800840d6
:100140008005097d404c0900006008405800013cd2
:10015000244001012540280100608840c0000000c3
:10016000019d083c0020082509f80001000000005e
:1001700000600840bfff013cffff21342440010123
:1001800000608840000084300000a530019d083cdc
:0c019000b80e0825080000010000000067
:020000040000fa
:020000041fc01b
:10038000019d1a3c881e5a27080040030000000007
:020000040000fa
:020000041fc01b
:10118000019d1a3c24e15a2708004003000000009a
:020000040000fa
:020000041fc01b
:081200007c33400b00000000ec
:020000040000fa
:020000041fc01b
:081220008344400b00000000b4
:020000040000fa
:020000041fc01b
:081240008344400b0000000094
:020000040000fa
:020000041fc01b
:081260008344400b0000000074
:020000040000fa
:020000041fc01b
:081280008344400b0000000054
:020000040000fa
:020000041fc01b
:0812a0008344400b0000000034
:020000040000fa
:020000041fc01b
:0812c0008344400b0000000014
:020000040000fa
:020000041fc01b
:0812e0008344400b00000000f4
:020000040000fa
:020000041fc01b
:081300008344400b00000000d3
:020000040000fa
:020000041fc01b
:081320008344400b00000000b3
:020000040000fa
:020000041fc01b
:081340008344400b0000000093
:020000040000fa
:020000041fc01b
:081360008344400b0000000073
:020000040000fa
:020000041fc01b
:081380008344400b0000000053
:020000040000fa
:020000041fc01b
:0813a0008344400b0000000033
:020000040000fa
:020000041fc01b
:0813c0008344400b0000000013
:020000040000fa
:020000041fc01b
:0813e0008344400b00000000f3
:020000040000fa
:020000041fc01b
:081400008344400b00000000d2
:020000040000fa
:020000041fc01b
:081420008344400b00000000b2
:020000040000fa
:020000041fc01b
:081440008344400b0000000092
:020000040000fa
:020000041fc01b
:081460008344400b0000000072
:020000040000fa
:020000041fc01b
:081480008344400b0000000052
:020000040000fa
:020000041fc01b
:0814a0008344400b0000000032
:020000040000fa
:020000041fc01b
:0814c0008344400b0000000012
:020000040000fa
:020000041fc01b
:0814e0008344400b00000000f2
:020000040000fa
:020000041fc01b
:08150000c033400b00000000a5
:020000040000fa
:020000041fc01b
:081520008344400b00000000b1
:020000040000fa
:020000041fc01b
:081540008344400b0000000091
:020000040000fa
:020000041fc01b
:081560000434400b0000000000
:020000040000fa
:020000041fc01b
:081580008344400b0000000051
:020000040000fa
:020000041fc01b
:0815a0008344400b0000000031
:020000040000fa
:020000041fc01b
:0815c0008344400b0000000011
:020000040000fa
:020000041fc01b
:0815e0004834400b000000003c
:020000040000fa
:020000041fc01b
:081600008344400b00000000d0
:020000040000fa
:020000041fc01b
:081620008c34400b00000000b7
:020000040000fa
:020000041fc01b
:081640008344400b0000000090
:020000040000fa
:020000041fc01b
:081660008344400b0000000070
:020000040000fa
:020000041fc01b
:081680008344400b0000000050
:020000040000fa
:020000041fc01b
:0816a0008344400b0000000030
:020000040000fa
:020000041fc01b
:0816c0008344400b0000000010
:020000040000fa
:020000041fc01b
:0816e0008344400b00000000f0
:020000040000fa
:020000041fc01b
:081700008344400b00000000cf
:020000040000fa
:020000041fc01b
:081720008344400b00000000af
:020000040000fa
:020000041fc01b
:081740008344400b000000008f
:020000040000fa
:020000041fc01b
:081760008344400b000000006f
:020000040000fa
:020000041fc01b
:081780008344400b000000004f
:020000040000fa
:020000041fc01b
:0817a0008344400b000000002f
:020000040000fa
:020000041fc01b
:0817c000d034400b00000000d2
:020000040000fa
:020000041fc01b
:0817e0008344400b00000000ef
:020000040000fa
:020000041fc01b
:081800008344400b00000000ce
:020000040000fa
:020000041fc01b
:081820001435400b000000002c
:020000040000fa
:020000041fc01b
:081840005835400b00000000c8
:020000040000fa
:020000041fc01b
:081860009c35400b0000000064
:020000040000fa
:020000041fc01b
:1004800000f89b40c0000000019d1b3ce0127b2750
:10049000020060130000000000c09b4000f81b40f9
:0c04a000c00000001f000042000000002f
:020000040000fa
:020000041d00dd
:10000000019d023c88ffbd279dda42242800a2af53
:10001000019d023cb41b438c4000a2afb01b428c3c
:100020007000beaf6400b5af5000b0af7400bfaf9a
:100030006c00b7af6800b6af6000b4af5c00b3afa0
:100040005800b2af5400b1af25a8800025f0c00021
:100050002000a0af2400a0af258000004800a2af80
:100060004c00a3af0000a4800100a2241c00a2af9a
:10007000880080101600a4a3250002240800821026
:10008000258800000431400f2528a002ffff03242b
:100090000100435401001026f2ff00101c00a58f40
:1000a0002b0003242d000524300006242000072403
:1000b00007000010230008240400455008003136d2
:1000c0001000465402002332040031361c00a4af55
:1000d0001c00a28f1c00a48f00004280440043102b
:1000e000010084242c004928f3ff201100000000a7
:1000f000f6ff475001003136f4ff48500008313612
:100100000200233201006054feff31320800233226
:1001100001006054fbff31322800a38f21184300f7
:100120000000639004006330330060102a00032451
:100130001800a0af0a0003241800a48f1c00a28f8f
:1001400002288370010042241c00a2afffff4280fe
:100150002800a48f2110a200d0ff42241800a2afd3
:100160001c00a28f000042802110820000004290fb
:1001700004004230f1ff40141800a48f1c00a28f2d
:10018000000043802e0002244f00625400103136dc
:100190001c00a28f010043802a0002241d0062106f
:1001a000004031361c00a28f25a000000a00052463
:1001b000010042241c00a2af1c00a38f1c00a28fd0
:1001c00001006424000042802800a38f21186200ef
:1001d0000000639004006330130060100218857201
:1001e0001c00a4af21a06200f3ff0010d0ff9426f2
:1001f000b6ff001002003136e0ff43141800a0af34
:100200000000c28f1c00a4af0400de27dbff00103b
:100210001800a2af1c00a28f0000d48f0400de27bc
:10022000020042241c00a2af660004246f000324d5
:10023000690007246c0008244c000924008006246f
:10024000100005241c00a28f010042241c00a2af54
:10025000ffff4280a800441067004a282c0040118c
:10026000000000009f004950100022324d0043283a
:10027000170060106300032445000324a10043100d
:1002800047000324a20043501600a2a31d004054bf
:100290001600a2a37400bf8f251000027000be8f4d
:1002a0006c00b78f6800b68f6400b58f6000b48fa4
:1002b0005c00b38f5800b28f5400b18f5000b08fe4
:1002c0000800e0037800bd27d7ff001025a000003c
:1002d000d500431064004328060060106400032426
:1002e00058000324070043141600a2a31f000010a7
:1002f0002000313621004310650003241d00431007
:100300001600a2a31600b3279700001001001224c4
:100310008100431070004a280a00405173000324f2
:10032000170047501600a2a36e004850100022325a
:1003300067000324f3ff43141600a2a3100000106b
:1003400000023136770043107400432803006050e8
:1003500075000324e3ff001070000324ca0043105b
:1003600078000324e7ff43141600a2a30400001042
:100370008000313602000010000131361600a2a3c1
:1003800000072232e103401006000324001022324d
:100390000700de270ba062002510c0030410027cba
:1003a0000000578c0400568c2530000025380000d2
:1003b0002520e0022528c0022530400f08005e24d9
:1003c00004004104253000000080023c26b05600a5
:1003d00003003136253800002520e0022528c00220
:1003e0002530400f1000a0af250040500001223200
:1003f0001000a6272520e002563c400f2528c00209
:100400001000a38fffff6224401802002118620031
:100410000a0002241a006200f4014000f7ff63287a
:100420009c006014121000001000a2af1000b28fe8
:100430002a27400f23201200253040002538600075
:100440002520e002d61b400f2528c0022000a2afc5
:100450002400a3af019d023cb81b468cbc1b478cfb
:100460002000a48f2530400f2400a58f8b0041046d
:10047000019d023cffff52261000b2af0001223264
:100480008f0040141000b28f00022232ab024010e5
:10049000fcff422a010540142a105402ff044010b8
:1004a00000000000030041062520e0020100422672
:1004b00023a082023f40400f2528c0023000a2af97
:1004c000019d023c25986000e0f3422425180000bd
:1004d0001400072419026714202c037c2202001048
:1004e000140005242550a0000b50c200258851019e
:1004f00054ff0010ffff31321600a4a3a0ff00102c
:10050000000431361600a2a39aff001020003136f5
:100510008aff0010200031361600a3a398ff0010b8
:10052000400031361600a2a30000c28f0400c42789
:100530000300401425984000019d023c001a5324fa
:100540002518000025900000010062242128620285
:10055000ffffa5801300a054251840000a181200c0
:100560002590600025f08000040080121800a28f02
:100570002b1092020b9082021800a28f2b104202c5
:100580000300401025a000001800a28f23a05200f5
:100590000800313209002012ffff1624130000105a
:1005a00025104002e8ff0010010012240431400f22
:1005b000200004240100565401001026ffff942659
:1005c000faff96162528a00207000010ffff162448
:1005d000000064822528a0020431400f0100732628
:1005e000010056540100102625104002f8ff401467
:1005f000ffff52269bfe20121c00a58fffff112437
:10060000ffff942697fe91121c00a58f2528a002bb
:100610000431400f20000424f9ff5154010010263a
:10062000f8ff0010ffff94260000c38f0000c4975e
:100630000400c627c32f0300002e0500021203008a
:100640002510a20010002532a020047c0b00a01071
:100650001600a2a301004224ff0042300200422cf7
:10066000070040541400a3a31400a4a702001224fe
:100670001400b327bcff001025f0c0001400a3a392
:10068000fbff0010010012241600a2a33cff001083
:10069000c000313664ff0010ffff4224c01b468caf
:1006a000c41b478c2000a48f2530400f2400a58f49
:1006b00073ff4004000122326fff00100100522638
:1006c0000700801200022232030040101300822e25
:1006d000ffff94261300822e020040101200132404
:1006e0002598800225300000253800002520e002f2
:1006f0002528c0022530400f1600b3a34300401048
:10070000000a22322a27400f2320530225304000be
:10071000253860002520e0027e15400f2528c00204
:10072000252860002520400025b060003000a3afe0
:1007300025b840008c3e400f3800a2afc944400f9e
:10074000252040003800a98f3000a88f25304000b8
:100750002538600025202001d118400f25280001f0
:100760004800a68f4c00a78f252040002530400f61
:10077000252860000c0040042520e0024000a28fe4
:100780003800a98f3000a88fb01b468cb41b478c53
:1007900025202001d318400f2528000125b840004e
:1007a00025b060002520e0028c3e400f2528c002c5
:1007b00001006426019d033cc0200400e0f3632493
:1007c000212083000400858c5f00a054c02013000a
:1007d0000000848c2b2044005b008014c020130098
:1007e000019d023cc81b468ccc1b478c2520e00297
:1007f000d61b400f2528c00225b8400025b0600058
:10080000010052261000b2af000a22320002032477
:10081000220043141800a38f2520e0028c3e400fd5
:100820002528c002254040001500832a1400022418
:10083000259000000aa0430025181201090060104d
:10084000252000010a000624253800002528400242
:10085000dd19400f3000a8af251843004c00601090
:100860003000a88f2a1093020c0040101800a38fac
:100870002a27400f23207402253040002520e00263
:100880002528c0027e15400f2538600025b840009d
:1008900025b060001600b4a31800a38f05008226bf
:1008a00023106200040080161800a2af0008223254
:1008b00005004010030022321800a28fffff4224df
:1008c0001800a2af03002232050040101000a28fd2
:1008d0001800a28fffff42241800a2af1000a28fc1
:1008e00063004224c700422c050040140800223255
:1008f0001800a28fffff42241800a2af0800223286
:100900003800a2af040022320200233277004010e8
:1009100001003232270060102d0004242b00022435
:100920002528a0020a2052000431400f00000000d8
:10093000ffff032401004354010010261800b28f6a
:1009400026000010ffff1324211864000400648cab
:1009500006008054019d023c0000638c2b1843006c
:10096000aaff6010000a2232019d023cc01b468c87
:10097000c41b478c2520e002d61b400f2528c0024f
:1009800025b8400025b060009eff0010ffff5226f2
:1009900025200001252840020a000624db1a400f0a
:1009a00025380000ffff942625404000a2ff0010dc
:1009b00025906000e2ff40121800b28f2528a002a7
:1009c000d9ff0010200004240431400f300004241b
:1009d0000100535401001026ffff5226faff405e2b
:1009e0002528a0021800a28f1800a38f000042281b
:1009f0000a1802001800a3af2528c0028c3e400f41
:100a00002520e002259040001600a283019d163c9f
:100a1000e0f3d626c0100200211056000000468cdc
:100a20000400478c25204002db1a400f25280000d7
:100a3000300044240431400f2528a002ffff032486
:100a400001004354010010261600a2832520400215
:100a500025280000c01002002110c2020000468cb0
:100a6000dd19400f0400478c2598400004008016d3
:100a700025906000000822324800405020003132aa
:100a80002528a0020431400f2e000424ffff032478
:100a900001004354010010261600a283ffff172413
:100aa0003000a2af000222322c00a2af1600a383b6
:100ab000ffff62242014027c310060141600a2a300
:100ac0003000a28fffff122423a082023200801286
:100ad0002528a0020431400f3000042401005254a4
:100ae00001001026f9ff0010ffff942608002232b3
:100af0001200401400000000090000101800b38f1d
:100b0000200004240431400f3000a3afffff06246f
:100b1000020046103000a38f01001026ffff73264d
:100b2000f7ff601e2528a0021800a28f1800a48fce
:100b3000000042280a2002001800a4af0b00601039
:100b40002d0004242b0002242528a0020a20520094
:100b50000431400f00000000ffff0324a6ff4354b0
:100b600001001026a5ff00102528c002a3ff405257
:100b70002528c0022528a002f5ff0010200004242b
:100b80002c00a38f540060102518720253006014cb
:100b9000c01002001600a0a3200031322528a002b8
:100ba0000200201645000424650004240431400f8f
:100bb00000000000ffff0324010043540100102641
:100bc0001000a28f5b0041042528a0022310020020
:100bd0001000a2af2d0004240431400f00000000db
:100be000ffff032401004354010010261000a48fce
:100bf00064008228130040140a00022464000224c6
:100c00001a008200f40140002528a00212200000f2
:100c10000431400f30008424ffff032401004354bb
:100c2000010010261000a38f640002241a00620045
:100c3000f4014000101000001000a2af1000a48fbb
:100c40000a0002242528a0021a008200f4014000b4
:100c5000122000000431400f30008424ffff0324e1
:100c600001004354010010261000a28f0a00042442
:100c70002528a0021a004400f40180001020000082
:100c80000431400f30008424ffff0324010043544b
:100c9000010010263800a28ff2fc40101c00a58f26
:100ca0001800a28feffc4018ffff11242528a00296
:100cb0000431400f2000042401005154010010268b
:100cc0001800a28fffff4224f8ff40141800a2afc3
:100cd000e4fc00101c00a58fc01002002110c2020d
:100ce0000000468c0400478c25206002db1a400f70
:100cf00025284002300044240431400f2528a0025a
:100d000001005754010010261600a283252060021e
:100d100025284002c01002002110c2020000468cab
:100d2000dd19400f0400478c259840005fff00103c
:100d300025906000a8ff00102b0004240400468cbe
:100d40000000448c010063242b406602060000155d
:100d500008004224dffdd3143000a68f2b20c400ee
:100d6000dcfd80100000000023a085021900822a0b
:100d70000a00401000000000f12e400fff008432f6
:100d8000253040002520e0022528c002d318400f5e
:100d90002538600025b8400025b060002a27400fa4
:100da000252080023000a48f252860023800a2afe1
:100db0008b41400f3c00a3af253040002538600038
:100dc0002520e002d118400f2528c0023800a88f46
:100dd0003c00a98f25204000253000012538200146
:100de000d61b400f25286000252040003f40400fc3
:100df0002528600025404000254860000b00801237
:100e000025200001252820010a000624253800009d
:100e10003000a8afdd19400f3400a9af2510430002
:100e20003000a88f3c0040103400a98f0a00422aed
:100e300013004010019d023c2520e0023f40400f7e
:100e40002528c00225300000253800002520e002ba
:100e50002528c0023000a3af2530400f2598400060
:100e6000430040103000a38f25106302410040145e
:100e7000252060020200422a3e004014019d023cef
:100e80002000a48fd01b468cd41b478c2530400fec
:100e90002400a58f02004004edff4426eeff442607
:100ea0002a27400f1000a4af2530400025386000ed
:100eb0002520e0022528c0022000a2af7e15400fa9
:100ec0002400a3af252040003f40400f25286000ac
:100ed00025984000259060003000a0af3400a0affe
:100ee000010002241600a2a3019d023ce0f342246b
:100ef000010003242520000025b840001400072429
:100f00002800671420b4037c010080541600b6a3a7
:100f1000310000101400162425200001252820018e
:100f20000a000624db1a400f253800002540400047
:100f300025486000b1ff0010ffff94261900822aa7
:100f4000bbff40100a00422af12e400fff008432fe
:100f5000253040002520e0022528c002d318400f8c
:100f60002538600025b84000b0ff001025b06000b3
:100f700025206002252860008b41400f25906000ed
:100f800025304000253860002520e002d118400fb0
:100f90002528c0023000a2af3400a3afd0ff00105c
:100fa0001000a0af0c00468c0800458c01006324a3
:100fb0002b4046020600001508004224d0ffd25400
:100fc000010004242b286502cdffa0500100042459
:100fd000010080541600b6a31000a28f21b0d402e5
:100fe00021b0c2021800a28f23b05600000822329e
:100ff0003800a2af2510540001004054ffffd62650
:101000000300223201004054ffffd626080022329e
:101010000200263201002332040031321e00201269
:101020001800a2af0c00c010000000002b00042428
:101030002d0002242528a0020b2043000431400f7c
:1010400000000000ffff03240100435401001026ac
:101050000c0000102588c0020a0060502588c002dc
:101060002528a002f5ff0010200004240431400fc1
:1010700030000424ffff0324010043540100102624
:10108000ffff3126f9ff205e2528a0020000c22aba
:101090001e0000100ab002001800a28f11004014b8
:1010a000000000000b0000102588c002200004246e
:1010b0004400a3af0431400f2c00a6afffff07246c
:1010c0002c00a68f020047104400a38f01001026b9
:1010d000ffff3126f5ff201e2528a0020000c22aae
:1010e0000ab002000b00c0102b0004242d000224c3
:1010f0002528a0020b2043000431400f000000000f
:10110000ffff0324010043540100102617000010c4
:10111000ffff112415006050ffff11242528a002b5
:10112000f5ff001020000424c01002002110e2028c
:101130000000468c0400478c25206002db1a400f1b
:101140002528400225204000252860000a000624aa
:10115000dd19400f25380000300044240431400fd1
:101160002528a00201005154010010261600a38377
:10117000ffff62242014027cebff60141600a2a380
:10118000ffff11241000a28f3600405c2528a0022a
:101190001300822a120003240b1882022014037cfd
:1011a0001600a2a30400401423a082023800a28fdc
:1011b000080040101600a4832528a0020431400f27
:1011c0002e000424ffff03240100435401001026d5
:1011d0001600a4832a27400fffff11243000a68f9a
:1011e0003400a78f25204000d61b400f2528600023
:1011f000252040003f40400f2528600025984000f2
:10120000259060001600a383ffff62242014027c57
:101210001c0060141600a2a3ffff112435008056a5
:101220002528a0021800a28f8efb40101c00a58f5d
:101230008dfbc05a0000a480ffff11242528a002c6
:101240000431400f200004240100515401001026f5
:10125000ffffd626faffc0562528a00281fb00100a
:101260001c00a58f0431400f3000042401005154ac
:10127000010010261000a28fffff4224c1ff0010c2
:101280001000a2afc01002002110e2020000468c44
:101290000400478c25206002db1a400f25284002fd
:1012a00025204000252860000a000624dd19400f93
:1012b00025380000300044240431400f2528a002c6
:1012c00001005154010010261600a283252060025f
:1012d00025284002c01002002110e2020000468cc6
:1012e000dd19400f0400478c25984000c5ff001011
:1012f000259060000431400f300004240100515457
:1013000001001026c5ff0010ffff9426c000233205
:10131000610060142016117c5c0043040000d38f30
:101320000700de272510c0030410027c0000538c48
:101330000400528c08005e240600410623101300ae
:101340002b2002002318120003003136259840009c
:101350002390640003008016c000373225a072027b
:101360000100942e400002248f00e2124100e22e80
:1013700055004010800002245900e01201000224b0
:101380001600b6832a10d402040040101800a28f61
:101390001600b4a325b080021800a28f08004010e8
:1013a0000040223203002232050040100040223269
:1013b0001800a28fffff42241800a2af0040223283
:1013c00009004010c40822321800a28f2a10c2025d
:1013d000040040501800a0af1800a28f2310560040
:1013e0001800a2afc4082232400803248600431428
:1013f000c00822321800a28f040040501600a283b9
:10140000ffff42241800a2af1600a2831800a38f8a
:101410002a1843000300601025a000001800a38fc5
:1014200023a06200080022323000a2af0400223262
:101430000200263291004010010023327c00c010cf
:101440002d0004242b0002242528a0020a2043009a
:101450000431400f00000000ffff0324010043544b
:1014600001001026ab008012019d033c2528a0023c
:101470000431400f30000424ffff032401004354d3
:1014800001001026f7ff0010ffff94260400de275e
:10149000a9ff0010c3971300080043040000d38f76
:1014a0000700de272510c0030410027c08005e241c
:1014b0000000538ca7ff00100400528c2590000000
:1014c000a4ff00100400de271c00e2120100022429
:1014d000c0000224abffe2161600b683010002240e
:1014e0001600a2a3019d023ce0f342240100032464
:1014f00025200000140008240c0068102034037c10
:101500000c00478c0800458c010063242b484702df
:101510000600201508004224f7fff25401000424bd
:101520002b286502f4ffa0500100042494ff80548e
:101530001600a6a393ff00101600b6831600a2a300
:1015400025200000010002241000052425180000b9
:1015500010000724050047142034027c88ff8054c3
:101560001600a2a387ff00101600b68301004224d4
:101570002b404302edff0015ff004230050072547e
:10158000023705002b406502e8ff0015000000004f
:1015900002370500002103002518c40000290500ba
:1015a000ecff001001000424010002241600a2a395
:1015b0002520000001000224080005242518000051
:1015c00015000724e5ff47102034027c0100422467
:1015d0002b404302d5ff0015ff0042300500725436
:1015e000423705002b406502d0ff001500000000c7
:1015f00042370500c02003002518c400c02805009c
:10160000f0ff001001000424800803247fff43142e
:101610001600a2831800a28f030042287aff4054cc
:101620001800a0af1800a28f76ff0010feff422422
:1016300004006010c00822322528a00284ff001098
:10164000200004248008032486ff43142528a002d8
:101650000431400f30000424ffff032401004354f1
:1016600001001026200022325800042478000324b0
:101670002528a00276ff00100a2062000f008012c9
:10168000080022320d0040142528a0022000042466
:101690003800a3af0431400f1800a6afffff0724a6
:1016a0001800a68f020047103800a38f01001026f3
:1016b000ffff9426f5ff80162528a0022200c01007
:1016c0002d0004242b0002242528a0020a20430018
:1016d0000431400f00000000ffff032401004354c9
:1016e00001001026c0082232400803241b004314c6
:1016f000800803242528a002300004240431400f70
:1017000000000000ffff03240100435401001026e5
:10171000019d033c019d023c20003132081a6324e4
:101720001c1a42240b1071001800a2af4100e22ed7
:101730003800a2af019d023ce0f34224ffff1124d8
:10174000200000102c00a2afe7ff6010c00822327a
:101750002528a002deff001020000424edff431422
:10176000019d033c2528a0020431400f30000424d1
:10177000ffff032401004354010010262000223201
:1017800058000424780003242528a002dbff001061
:101790000a2062003b00e212403016003800a28f9f
:1017a0001b004050800002241f00e0122c00a38f79
:1017b0001600a4830431400f2528a00201005154d3
:1017c00001001026ffffd626f2ffd11640000224aa
:1017d0003000a28f23fa40101c00a58f22fa8052fd
:1017e0000000a480ffff11242528a0020431400f2f
:1017f000200004240100515401001026ffff94260c
:10180000faff80562528a00216fa00101c00a58faa
:101810001300e21280301600c0000224e5ffe21639
:101820001600a4832c00a38fc01016002520600290
:10183000211062000000468c0400478cdb1a400f28
:1018400025284002252040000a00062425380000f3
:10185000dd19400f252860000800001030004224e8
:10186000252060025745400f252840021800a38f0d
:101870000f0042302110620000004290ccff0010a7
:101880001600a2a32130d600252060025745400f44
:1018900025284002f0ff00100700423091fb8052e3
:0c18a000259880028bfb0010ffff9426af
:020000040000fa
:020000041d00dd
:1018ac00019d023c90ffbd279dda42241c00a2af93
:1018bc00019d023ca41c438ca01c428c5c00b5af67
:1018cc005800b4af4c00b1af6c00bfaf6800beaff6
:1018dc006400b7af6000b6af5400b3af5000b2af06
:1018ec004800b0af25a8800025a0c0002800a0affc
:1018fc002c00a0af258800004000a2af4400a3af8d
:10190c000000a4800100a2241800a2af0e008014d5
:10191c001600a4a36c00bf8f251020026800be8f98
:10192c006400b78f6000b68f5c00b58f5800b48f21
:10193c005400b38f5000b28f4c00b18f4800b08f61
:10194c000800e0037000bd27250002240800821067
:10195c00259800000431400f2528a002ffff032426
:10196c000100435401003126e5ff00101800a58f3b
:10197c002b0003242d000524300006240700001042
:10198c002000072404004550080073360e0046540e
:10199c0002006332040073361800a4af1800a28f43
:1019ac001800a48f000042803f00431001008424e3
:1019bc002c004828f3ff001100000000f6ff4750f0
:1019cc00010073360200633201006054feff733273
:1019dc000800633201006054fbff73321c00a38fbc
:1019ec002118430000006390040063303000601045
:1019fc002a00032425b800000a0003240220e37205
:101a0c001800a28f010042241800a2afffff4280f1
:101a1c0021b882001800a28f1c00a48f0000428005
:101a2c00211082000000429004004230f3ff401469
:101a3c00d0fff7261800a28f000043802e0002244e
:101a4c0041006254001076361800a28f01004380ca
:101a5c002a0002241c006210004076361800a28f67
:101a6c00259800000a000524010042241800a2afaa
:101a7c001800a38f1800a28f01006424000042807c
:101a8c001c00a38f211862000000639004006330d7
:101a9c0012006010021865721800a4af2198620041
:101aac00f3ff0010d0ff7326bbff0010020073364b
:101abc00e0ff431425b800000000978e1800a4af77
:101acc00dcff0010040094261800a28f0000938ef7
:101adc0004009426020042241800a2af69000524d9
:101aec00700006246c000724580009244c000a24ba
:101afc0000800424100003241800a28f010042244b
:101b0c001800a2afffff42805d0045106a004b2811
:101b1c002a006011000000001e01491059004b28da
:101b2c000b006051640003247bff40106c00bf8fde
:101b3c0010014a501000c2321600a2a31600b227a0
:101b4c003f00001001001024e4ff00102598000055
:101b5c004b004310660003240b0143106300032465
:101b6c00f6ff43541600a2a30000838e0000849657
:101b7c0004008626c32f0300002e0500021203006a
:101b8c002510a2001000c532a020047c2401a01056
:101b9c001600a2a301004224ff0042300200422c96
:101bac00200140541400a3a31400a4a70200102485
:101bbc001400b2272200001025a0c000f50046102a
:101bcc0071004b280800605175000324e900475050
:101bdc001000c2326f000324d8ff43141600a2a3d6
:101bec00280000104000d636100143107800032462
:101bfc002000431073000324d0ff43541600a2a30b
:101c0c000000928e1600a2a3030040160400842646
:101c1c00019d123ca01952262518000025800000b9
:101c2c000100622421284202ffffa580dc00a054a1
:101c3c00251840000a1810002580600025a080009f
:101c4c00040060122b1017022b1070020b80620222
:101c5c002b1017020200401025f0000023f0f002b8
:101c6c000800d632d400c012ffff1724de0000108b
:101c7c00251000021600a2a3020000108000d63628
:101c8c001600a2a30007c232f1014010c000c332fb
:101c9c000010c23206000324070094260b98620041
:101cac00251080020410027c0000438c25300000bb
:101cbc00253800002000a3af04005e8c2000a38f09
:101ccc00080054242528c0032530400f252060002f
:101cdc00040041042000a38f0080023c26f05e002b
:101cec000300d63625300000253800002520600082
:101cfc002528c0032530400f1000a0af270040500e
:101d0c001900622a2000a38f1000a6272528c003e3
:101d1c00563c400f252060001000a38fffff62246b
:101d2c0040180200211862000a0002241a00620006
:101d3c00f4014000f7ff6328bf006014121000008c
:101d4c001000a2af1000b08fac26400f2320100063
:101d5c00253860002000a38f253040002528c003c3
:101d6c00d61b400f252060002800a2af2c00a3af8b
:101d7c00019d023c881c468c8c1c478c2800a48f2f
:101d8c002530400f2c00a58fad004104019d023c75
:101d9c00ffff10261000b0af1900622a3700401068
:101dac001000b08fff007032019d123c6e00022ead
:101dbc00e0af5226ab004014019d033c64000924a3
:101dcc001b000902f4012001981c668c9c1c678c7a
:101ddc001210000012004224c01002002110420216
:101dec000000448c0400458c10480000d61b400faa
:101dfc003000a9af3000a98f0a000a24252040002a
:101e0c001b002a01f4014001252860001248000043
:101e1c0009002925c0480900214849020000268de7
:101e2c00d61b400f0400278d0a000a241b000a024f
:101e3c00f401400110200000c050040021904a021f
:101e4c000000468e0400478e2520400025286000a7
:101e5c00d61b400f00000000253860002000a38f27
:101e6c002528c00325304000d318400f25206000e2
:101e7c002000a2af25f060001000b08f0a00022aeb
:101e8c00160040502800a48f2000a38f2528c003e3
:101e9c003f40400f252060002000a98f2530000016
:101eac0025380000252020012528c0033000a3afd1
:101ebc002530400f25904000840040103000a38f47
:101ecc002510430282004014252040020200022a01
:101edc0080004054252860002800a48f4000a68f65
:101eec004400a78f2530400f2c00a58f0200400422
:101efc00edff0426eeff0426ac26400f1000a4af25
:101f0c00253860002c00a3af2000a38f25304000a3
:101f1c002528c003252060007e15400f2800a2afa5
:101f2c00252040003f40400f2528600025904000b0
:101f3c00258060002000a0af2400a0af019d033cd1
:101f4c000100022400f263241600a2a30100042461
:101f5c002528000025f0600014000924690089146c
:101f6c002014047c0100a0541600a2a372000010df
:101f7c0014000224254060000b408200254016010d
:101f8c00ddfe0010ffff16311600a2a33dff00106e
:101f9c000004d6361600a2a337ff00102000d63658
:101fac001fff0010010010240431400f20000424f6
:101fbc000100575401003126ffffde27faffd71727
:101fcc002528a00207000010ffff17240000448200
:101fdc002528a0020431400f01005226010057545d
:101fec000100312625100002f8ff4014ffff1026d7
:101ffc005dfec012ffff1024ffffde2740fed01352
:10200c001800a58f2528a0020431400f20000424bd
:10201c00f9ff505401003126f8ff0010ffffde27b6
:10202c001400a3a3e2fe0010010010241600a2a3ca
:10203c0014ff0010c000d63641ff0010ffff4224f1
:10204c00901c468c941c478c2800a48f2530400f84
:10205c002c00a58f51ff40041900622a4dff00107f
:10206c00010010260b00022e11004054ff006232ba
:10207c000a0002241b000202f4014000981c668c2a
:10208c009c1c678c1210000009004224c010020036
:10209c00211042020000448c0400458c108000008a
:1020ac00d61b400fc080100065ff0010219050021d
:1020bc00c010020021904202981c668c9c1c678cfc
:1020cc000000448e62ff00100400458e2520400263
:1020dc00252860008b41400f25806000253860006a
:1020ec002000a38f253040002528c003d118400fb5
:1020fc00252060002000a2af2400a3af8fff0010aa
:10210c001000a0af0c00678c0800668c01008424c2
:10211c002b50070206004015080063248ffff05473
:10212c00010005242b3046028cffc0500100052411
:10213c000100a0541600a2a31000a38f211053007d
:10214c00211043000200601223b8e202fffff726c1
:10215c000300c23201004054fffff7260800c232d0
:10216c000400c8323000a2af0200c7321e000011ba
:10217c000100c3320c00e010000000002b0004240e
:10218c002d0002242528a0020b2043000431400f0f
:10219c0000000000ffff032401004354010031261e
:1021ac000c00001025b0e0020a00605025b0e002df
:1021bc002528a002f5ff0010200004240431400f54
:1021cc0030000424ffff0624010046540100312690
:1021dc00ffffd626f9ffc05e2528a0020000e22ae8
:1021ec001e0000100ab802003000a28f110040142b
:1021fc00000000000b00001025b0e00220000424b9
:10220c003800a3af0431400f3400a7afffff082400
:10221c003400a78f020048103800a38f010031262c
:10222c00ffffd626f5ffc01e2528a0020000e22adb
:10223c000ab802000b00e0102b0004242d0002242d
:10224c002528a0020b2043000431400f00000000a1
:10225c00ffff032401004354010031261700001036
:10226c00ffff162415006050ffff16242528a0023e
:10227c00f5ff001020000424c01002002110c2033e
:10228c000000468c0400478c25204002db1a400fce
:10229c002528000225204000252860000a0006247d
:1022ac00dd19400f25380000300044240431400f64
:1022bc002528a00201005654010031261600a383e4
:1022cc00ffff62242014027cebff60141600a2a313
:1022dc00ffff10241000a28f3300405c2528a002c1
:1022ec001300622a120003240b1862022014037cd0
:1022fc001600a2a307004010239862022528a00212
:10230c000431400f2e000424ffff0324010043542a
:10231c00010031261600a483ac26400fffff1624c3
:10232c002000a68f2400a78f25204000d61b400f2d
:10233c0025286000252040003f40400f25286000e4
:10234c0025904000258060001600a383ffff6224c7
:10235c002014027c1c0060141600a2a3ffff1024a2
:10236c00350060562528a0023000a28f64fd401075
:10237c001800a58f63fde05a0000a480ffff102415
:10238c002528a0020431400f2000042401005054e1
:10239c0001003126fffff726faffe0562528a002a0
:1023ac0057fd00101800a58f0431400f3000042495
:1023bc0001005054010031261000a28fffff42246f
:1023cc00c4ff00101000a2afc01002002110c20305
:1023dc000000468c0400478c25204002db1a400f7d
:1023ec002528000225204000252860000a0006242c
:1023fc00dd19400f25380000300044240431400f13
:10240c002528a00201005654010031261600a28393
:10241c002520400225280002c01002002110c20312
:10242c000000468cdd19400f0400478c25904000bd
:10243c00c5ff0010258060000431400f30000424db
:10244c000100505401003126c5ff0010ffff732618
:10245c00600060142016167c5b0043040000928e12
:10246c0007009426251080020410027c0000528c78
:10247c000400508c08005424050001062318100099
:10248c00239012002b1012000300d636238062001a
:10249c0003006016c000c232259850020100732e52
:1024ac002000a2afc000c332400002248e00621094
:1024bc004100622c53004010800002245800601030
:1024cc00010002241600be832a10d303030040101f
:1024dc00000000001600b3a325f060020500e01216
:1024ec000040c2320300c23201004054fffff72605
:1024fc000040c232060040101600a2832a10d703f7
:10250c000200401423b8fe0225b800001600a28376
:10251c002a18570002006010259800002398e20248
:10252c000800c2323000a2af0400c2320200c33233
:10253c00890040100100d732830060102d00042464
:10254c002b0002242528a0020a2057000431400f3a
:10255c0000000000ffff032401004354010031265a
:10256c000b006012019d033cffff17242528a002dd
:10257c000431400f3000042401005754010031266f
:10258c00ffff7326faff60562528a002019d033c2d
:10259c00019d023c2000c832a8196324bc194224b6
:1025ac000b10680025b040002000a28fffff1724fd
:1025bc004100422c3400a2af019d023c00f24224a7
:1025cc00920000103800a2af04009426aaff00105d
:1025dc00c3871200080043040000928e0700942663
:1025ec00251080020410027c080054240000528c38
:1025fc00a7ff00100400508c25800000a4ff0010e1
:10260c0004009426c000c3321c0062100100022496
:10261c00c0000224acff62141600be830100022429
:10262c001600a2a3019d023c00f2422401000324e7
:10263c0025200000140009240c0069102034037cb0
:10264c000c00478c0800458c010063242b500702ba
:10265c000600401508004224f7fff0540100042442
:10266c002b284502f4ffa0500100042495ff805450
:10267c001600a6a394ff00101600be831600a2a39a
:10268c00252000000100022410000524251800005c
:10269c0010000724050047142034027c89ff805465
:1026ac001600a2a388ff00101600be83010042246e
:1026bc002b480302edff2015ff004230050070543b
:1026cc00023705002b484502e8ff201500000000ea
:1026dc0002370500002103002518c400002905005d
:1026ec00ecff001001000424010002241600a2a338
:1026fc0025200000010002240800052425180000f4
:10270c0015000724e5ff47102034027c0100422409
:10271c002b480302d5ff2015ff00423005007054f2
:10272c00423705002b484502d0ff20150000000061
:10273c0042370500c02003002518c400c02805003e
:10274c00f0ff00100100042485ffe0122528a002f0
:10275c007eff0010200004240d0060120800c2321d
:10276c000b0040142528a002200004240431400f43
:10277c003400a3afffff0624020046103400a38fe1
:10278c0001003126ffff7326f7ff60162528a002f3
:10279c000b0060102d0004242b0002242528a0021d
:1027ac000a2057000431400f00000000ffff0324f3
:1027bc0076ff43540100312675ff0010019d033c48
:1027cc0073ffe012019d033c2528a002f5ff0010c9
:1027dc0020000424400003243c00431040301e0021
:1027ec003400a28f1c0040102000a38f2000a28f69
:1027fc00200040103800a38f1600a4830431400f32
:10280c002528a0020100575401003126ffffde27c6
:10281c00f0ffd7172000a28f3000a28f38fc401099
:10282c001800a58f37fc60520000a480ffff102415
:10283c002528a0020431400f20000424010050542c
:10284c0001003126ffff7326faff60562528a002ef
:10285c002bfc00101800a58f8000022413006210be
:10286c0080301e00c0000224e4ff62141600a48312
:10287c003800a38fc0101e002520400221106200da
:10288c000000468c0400478cdb1a400f2528000200
:10289c00252040000a00062425380000dd19400fd1
:1028ac00252860000700001030004224252040023b
:1028bc005745400f252800020f0042302110c2025c
:1028cc0000004290ccff00101600a2a32130de00c5
:1028dc00252040025745400f25280002f1ff00102b
:0428ec00070042306f
:020000040000fa
:020000041d00dd
:1028f00068ffbd279400bfaf9000b7af8c00b6afa4
:102900008800b5af8400b4af8000b3af7c00b2af35
:102910007800b1af7400b0af208080a71e8080a780
:102920001c8080a3b847400f000000008c46400f79
:102930000000000001000224458082a31642400fdf
:102940002520000000a0063c2832c62401000524f2
:10295000532d400f0b000424220040100000000003
:102960002a2a400f0b0004245800a5270044400fda
:102970000b0004242f0040145800a68f009d073c34
:10298000d44ee7240100062404000524573b400fe1
:1029900025200000ba45400f0000000025b00000cf
:1029a000019d173cc00ff08ec40ff18e019d023cbb
:1029b000f00f548cf40f558c019d023cfc0f438c9e
:1029c000f80f428c6000a2af6400a3af019d023cef
:1029d000b40f438cb00f428c6800a2af62000010ad
:1029e0006c00a3af3080868f26808597009d043cc5
:1029f000e445400fa84e84243080878f2680869738
:102a0000009d053cc04ea524b142400f1c00a427e8
:102a10001c00a7270100062403000524573b400f94
:102a200025200000ba45400f00000000ccff001038
:102a300000000000009d053ce44ca524b142400f7d
:102a40001c00a4271c00a72701000624030005245e
:102a5000573b400f252000005041400f5800a48fe5
:102a6000019d043cc00f868cc40f878c252040003c
:102a70007e15400f25286000253040002538600075
:102a8000009d053cf04ca524b142400f1c00a4273a
:102a90001c00a7270100062404000524573b400f13
:102aa000252000005800a28fbcff0010f08082afec
:102ab0005000a5276537400f1800a48f5000a28f43
:102ac0005400a38f1000a2af1400a3af1800a68f6c
:102ad000009d053ce84ea524b142400f1c00a427f0
:102ae0001c00a7270100062401000524573b400fc6
:102af000252000001800a28f108182af5000a28f05
:102b00005400a38f088182af0c8183af00a0053ce5
:102b10006832a5242f1e400f252000001800a2af08
:102b20002880839320006010168086970100d626a7
:102b30000400c22a35004010009d073ccd808293de
:102b4000ff0042303a0040140000000000a0023ca8
:102b50009c264390030002247201621000a0123ce4
:102b6000d846400f640004241800a5279746400f5c
:102b7000010004243080828fcdff4010148086979e
:102b8000009d073c044de7240100062401000524b4
:102b9000573b400f25200000ba45400f00000000c1
:102ba000dbff001000a0053c5000a5276537400f53
:102bb000252040005000a28f5400a38f1000a2af28
:102bc0001400a3af1800a68f009d053cfc4ea52461
:102bd000b142400f1c00a4271c00a72701000624b7
:102be00002000524573b400f252000001800a28f4b
:102bf000008182af5000a28f5400a38ff88082af73
:102c0000fc8083afcdff001025b00000104fe724fb
:102c10000100062402000524573b400f2520000038
:102c2000ba45400f25b00000c4ff001000000000ae
:102c3000a841400f00000000cd8080a3a48080af99
:102c4000c845400f00000000ac8082932400432c54
:102c50002e00601080180200009d023c702c42245f
:102c6000211043000000428c0800400000000000da
:102c70000c2d009d002d009d682d009da42d009d14
:102c80000c2d009d0c2d009d0c2d009d0c2d009dec
:102c90000c2d009d402d009d7c2d009db82d009d8c
:102ca0000c2d009d0c2d009d0c2d009d0c2d009dcc
:102cb0000c2d009d542d009d902d009dcc2d009d30
:102cc0000c2d009d0c2d009d0c2d009d0c2d009dac
:102cd0000c2d009d0c2d009d642e009d0c2d009d43
:102ce0000c2d009d0c2d009d0c2d009d0c2d009d8c
:102cf0000c2d009d782f009d482e009de02d009dfd
:102d00008980829301004238898082a35800a527d8
:102d10000044400f0b000424e40040145800a68f28
:102d2000009d073cd44ee72401000624040005243e
:102d3000573b400f2520000085ff001000a0023cfb
:102d40008980829302004238898082a3f0ff0010bc
:102d50005800a5278980829304004238898082a385
:102d6000ebff00105800a5278980829308004238a5
:102d7000898082a3e6ff00105800a52789808293ee
:102d800010004238898082a3e1ff00105800a52777
:102d90008980829320004238898082a3dcff001062
:102da0005800a5278880829301004238888082a33a
:102db000d7ff00105800a527888082930200423870
:102dc000888082a3d2ff00105800a52788808293b4
:102dd00004004238888082a3cdff00105800a52748
:102de000009d073c284fe72401000624010005242c
:102df000573b400f25200000009d073c404fe72433
:102e00000100062402000524573b400f2520000046
:102e1000009d073c584fe7240100062404000524c8
:102e2000573b400f25200000153a400f2520000099
:102e3000ff3f400f01000424a72c400f0b00042487
:102e4000b3ff00105800a527010007240100062445
:102e50006800a48fde31400f6c00a58facff00101e
:102e60005800a527009d073c704fe7240100062469
:102e700002000524573b400f25200000009d073c21
:102e8000884fe7240100062402000524573b400f29
:102e9000252000001e0002241400a2af5000a2272b
:102ea0001000a2af0e00072402000624060005242d
:102eb0006b1d400f25200000230040105000b28ff2
:102ec0005400b38f019d023ce00f468ce40f478c09
:102ed000252040022530400f252860020800401cb4
:102ee000019d023ce80f468cec0f478c25204002e8
:102ef0002530400f252860020d0041040100072401
:102f00001642400f01000424009d073c984fe7241f
:102f10000100062402000524573b400f2520000035
:102f2000c845400f0000000079ff00105800a52799
:102f30002530000025204002de31400f25286002a8
:102f400073ff00105800a5271642400f010004240b
:102f5000009d073ca84fe724010006240200052439
:102f6000573b400f25200000c845400f00000000df
:102f700067ff00105800a527010007240100062460
:102f800025208002de31400f2528a0025800a52709
:102f90000044400f0b0004245800a68f009d133cf2
:102fa000e44c6526b142400f1c00a4271c00a72753
:102fb0000100062403000524573b400f2520000094
:102fc0005041400f5800a48fc00fe68ec40fe78e0b
:102fd000252040007e15400f252860002530400048
:102fe00025386000009d123cf04c4526b142400f50
:102ff0001c00a4271c00a7270100062404000524a8
:10300000573b400f252000005800a28ff08082af70
:10301000d846400fe80304240100072401000624d9
:103020006000a48fde31400f6400a58f5800a527f3
:103030000044400f0b0004245800a68fe44c652682
:10304000b142400f1c00a4271c00a7270100062442
:1030500003000524573b400f252000005041400f3e
:103060005800a48fc00fe68ec40fe78e25204000c5
:103070007e15400f2528600025304000253860006f
:10308000f04c4526b142400f1c00a4271c00a72786
:103090000100062404000524573b400f25200000b2
:1030a0005800a28f19ff0010f08082af009d053cf0
:1030b000e44ca524b142400f1c00a4271c00a72704
:1030c0000100062403000524573b400f2520000083
:1030d0005041400f5800a48f2530000225382002af
:1030e000252040007e15400f252860002530400037
:1030f00025386000009d053cf04ca524b142400fee
:103100001c00a4271c00a727010006240400052496
:10311000573b400f252000005800a28f8bfe001067
:10312000f08082af1c39400f942644269426522604
:1031300008004592070002241600a2102380829303
:1031400001004234238082a3040002241400a2540c
:10315000009d043c00a0043cac16400f942684243f
:103160005800a5270044400f0b000424130040140e
:103170005800a68f009d073cd44ee724010006248a
:1031800004000524573b400f2520000074fe00106a
:10319000000000000400027c238082a3009d043c08
:1031a000e445400fb44f842400a0043cae47400fd8
:1031b000942684246afe001000000000009d053c57
:1031c000e44ca524b142400f1c00a4271c00a727f3
:1031d0000100062403000524573b400f2520000072
:1031e0005041400f5800a48fc00fe68ec40fe78ee9
:1031f000252040007e15400f252860002530400026
:1032000025386000009d053cf04ca524b142400fdc
:103210001c00a4271c00a727010006240400052485
:10322000573b400f252000005800a28f4cfe001095
:04323000f08082aff9
:020000040000fa
:020000041d00dd
:10323400a8ffbd275000beaf019d1e3c9ddac227ea
:103244001c00a2af019d023cd81942244400b5af32
:103254003800b2af3400b1af5400bfaf4c00b7afc9
:103264004800b6af4000b4af3c00b3af3000b0afdd
:1032740025a880002590c000258800002c00a2af5e
:103284000000a4800100b3240e0080141200a4a343
:103294005400bf8f251020025000be8f4c00b78f02
:1032a4004800b68f4400b58f4000b48f3c00b38f04
:1032b4003800b28f3400b18f3000b08f0800e003c3
:1032c4005800bd27250002240800821025b80000fc
:1032d4000431400f2528a002ffff032401004354ba
:1032e40001003126e6ff0010252860022b0004248b
:1032f4002d000624300007240700001020000824b5
:10330400040046500800f7360c0047540200e4322b
:103314000400f7362598a0000000628235004410ae
:10332400010065262c004928f5ff2011000000004b
:10333400f8ff48500100f7360200e43201008054df
:10334400fefff7320800e43201008054fbfff7323d
:103354001c00a38f212043000000849004008430cb
:10336400260080502a000624252000000a00052497
:103374000218857001007326ffff6282212062001b
:10338400000062821c00a38f2110620000004290a2
:1033940004004230f6ff4014d0ff8424000066820b
:1033a4002e0002241e00c21425280000010066829b
:1033b4002a0002241700c2100040f73601007326c9
:1033c4000a000824000062821c00a38f21306200de
:1033d4000000c6900400c6301100c010010067262a
:1033e4000218a8702598e00021286200f5ff00105b
:1033f400d0ffa524c7ff00100200f736e7ff4614ec
:10340400252000000000448e2598a000e3ff001052
:10341400040052260000458e020073260400522642
:1034240069000824700009246c000a2458000b2445
:103434004c000c240080072410000624010073268d
:10344400ffff6282140048106a004d286200a01138
:103454000000000096004b1059004d280900a051af
:10346400630006248bff40105400bf8f8b004c5028
:103474001000e2321200a2a31200b027770000105d
:1034840001001e24ad0046500000468e6400062450
:10349400f9ff46541200a2a31200a2a3c000e63210
:1034a400c300c0142016177cbe0043040000508ed5
:1034b40007005226251040020410027c0000508ca4
:1034c40004005e8c080052240500c10723401e003e
:1034d400238010002b1010000300f73623f00201a4
:1034e4000300a014c000e23225281e020100a52c0e
:1034f4001800a2afc000e33240000224f1006210c1
:103504004100622cb600401080000224bb00601011
:10351400010002241200b6832a10c50203004010e1
:10352400000000001200a5a325b0a0000500801033
:103534000040e2320300e23201004054ffff8424e1
:103544000040e232060040101200a2832a10c40296
:103554000200401423209600252000001200a283bc
:103564002a2844000200a01025a0000023a0820005
:103574000800e2322000a2af0400e2320200e73287
:10358400ec0040100100e632e600e0102d000424b7
:103594002b0002242528a0020a2046000431400ff3
:1035a40000000000ffff0424010044540100312600
:1035b400fb0080122c00a48f2528a0020431400fa8
:1035c40030000424ffff0624010046540100312684
:1035d400f7ff0010ffff94263500491071004d28b5
:1035e4000800a051750006242c004a501000e23255
:1035f4006f000624a0ff46141200a2a3a7ff001028
:103604004000f73664004610780006242000461077
:103614007300062498ff46541200a2a30000508ea3
:103624001200a2a30300001604004726019d103ccb
:10363400d019102625100000254000000100462462
:1036440021480602ffff29811c0020552510c000d7
:103654000a10080025f040002590e0000400a010a6
:103664002b10c4032b10be000bf0a2002b10c403bc
:103674000200401025b0000023b09e000800f43280
:1036840014008012ffff17241e0000102510c00331
:103694001200a2a381ff00108000f7362518c00095
:1036a4000b18e2002518770064ff0010ffff773045
:1036b4001200a2a3f7ff00102000f736dfff00106e
:1036c400010008240431400f200004240100575451
:1036d40001003126ffffd626faffd7162528a002bf
:1036e40007000010ffff1724000004822528a00211
:1036f4000431400f01001026010057540100312607
:103704002510c003f8ff4014ffffde27f5fe8012ea
:10371400ffff1024ffffd626d9fed0122528600211
:103724002528a0020431400f20000424f9ff50543e
:1037340001003126f8ff0010ffffd626000047964f
:1037440004004926c347060000460800021206008a
:10375400251002011000e832a038077c0b0000118c
:103764001200a2a301004224ff0042300200422cb6
:10377400070040541000a6a31000a7a702001e24af
:103784001000b027b5ff0010259020011000a6a35b
:10379400fbff001001001e241200a2a33fff001033
:1037a400c000f7360400522647ff0010c3f710008c
:1037b400080043040000508e0700522625104002e2
:1037c4000410027c080052240000508c44ff0010b6
:1037d40004005e8c25f0000041ff00100400522616
:1037e400c000e3321c00621001000224c000022465
:1037f40049ff62141200b683010002241200a2a33e
:10380400019d023ca0f24224010006242538000058
:1038140014000c240c00cc102054067c0c004b8c9f
:103824000800498c0100c6242b68cb030600a015b0
:1038340008004224f7ff7e55010007242b480902a3
:10384400f4ff20510100072432ffe0541200aaa320
:1038540031ff00101200b6831200a2a32538000025
:1038640001000224100009242530000010000b245c
:1038740005004b142054027c26ffe0541200a2a33e
:1038840025ff00101200b683010042242b60c603fa
:10389400edff8015ff0042300500de540257090099
:1038a4002b600902e8ff80150000000002570900a0
:1038b400003906002530470100490900ecff0010db
:1038c40001000724010002241200a2a325380000ed
:1038d40001000224080009242530000015000b24ef
:1038e400e5ff4b102054027c010042242b60c603e8
:1038f400d5ff8015ff0042300500de544257090011
:103904002b600902d0ff8015000000004257090017
:10391400c038060025304701c0480900f0ff0010f8
:103924000100072422ffc0102528a0021bff00105d
:10393400200004240f0080120800e2320d0040141d
:103944002528a002200004242800a6af0431400f3b
:103954002400a7afffff09242400a78f0200491009
:103964002800a68f01003126ffff9426f5ff80165c
:103974002528a0021600e0102d0004242b000224a8
:103984002528a0020a2046000431400f0000000050
:10399400ffff042401004454010031262c00a48fad
:1039a400019d023c2000e332ec1942240b108300f9
:1039b40025b840001800a28f4100422c2400a2af79
:1039c400019d023ca0f24224150000102800a2af81
:1039d400f3ffc0502c00a48f2528a002eaff00109a
:1039e40020000424400003243e004310403016000d
:1039f4002400a28f1e0040101800a38f1800a28f6d
:103a0400220040102800a38f1200a4830431400f29
:103a14002528a002ffff032401004354010031269e
:103a2400ffffd626ffff0224eeffc2161800a28f66
:103a34002000a28f12fe40102528600211fe805241
:103a44000000a480ffff10242528a0020431400fa9
:103a5400200004240100505401003126ffff942665
:103a6400faff80562528a00205fe001025286002d2
:103a7400800002241300621080301600c00002246b
:103a8400e2ff62141200a4832800a38fc010160062
:103a940025200002211062000000468c0400478c9f
:103aa400db1a400f2528c003252040000a00062405
:103ab40025380000dd19400f25286000070000109c
:103ac40030004224252000025745400f2528c0031a
:103ad4000f0042302110e20200004290caff0010a1
:103ae4001200a2a32130d600252000025745400f22
:0c3af4002528c003f1ff0010070042303d
:020000040000fa
:020000041d00dd
:103b0000b0ffbd27019d023c4000b6afc81d422456
:103b1000019d163c3800b4af3000b2af2800b0af02
:103b20004c00bfaf4800beaf4400b7af3c00b5afdc
:103b30003400b3af2c00b1af25a080002590c000a9
:103b4000258000009ddad6262000a2af0000a480c8
:103b50000100b124630080101200a4a325000224f8
:103b600008008210251000000431400f2528800233
:103b7000ffff03240100435401001026f3ff00104f
:103b8000252820022b0004242d00062430000724c1
:103b9000070000102000082404006650080042348a
:103ba0000c00675402004430040042342588a00011
:103bb0000000238232006410010025262c006928b1
:103bc000f5ff201100000000f8ff685001004234aa
:103bd0000200443001008054fe00423008004430ae
:103be00001008054fb0042302120760000008490c8
:103bf00004008430240080102a00062425200000c0
:103c00000a0005240230857001003126ffff23825f
:103c10002120c300000023822118c302000063900a
:103c200004006330f7ff6014d0ff84240000268274
:103c30002e0003241c00c314252800000100268246
:103c40002a0003241600c3500000458e01003126cf
:103c50000a000824000023822130c3020000c6901d
:103c60000400c6301000c010010027260230a870e2
:103c70002588e0002128c300f6ff0010d0ffa5240e
:103c8000caff001002004234e8ff6614252000003d
:103c90000000448e2588a000e4ff00100400522696
:103ca00002003126040052266c0006244c00072432
:103cb00001003126ffff23823c0066106d0068285a
:103cc000150000517500062439006750100043307c
:103cd00063000624a50066500000468eba006054ba
:103ce0001200a3a34c00bf8f251000024800be8f16
:103cf0004400b78f4000b68f3c00b58f3800b48fba
:103d00003400b38f3000b28f2c00b18f2800b08ff9
:103d10000800e0035000bd27ae00661078000624be
:103d20002700661073000624a70066541200a3a3a0
:103d30000000468e1200a3a3040048260300c0140e
:103d400025b8c000019d063cc01dd72425180000e1
:103d500025980000010067242148e702ffff298120
:103d6000610020552518e0000a181300259860000e
:103d7000259000010400a0102b1864022b18b3003a
:103d80000b98a3002b1864020200601025a8000005
:103d900023a89300080042301800a2af580040103a
:103da000ffff1e2462000010251060021000433047
:103db0000100632c00190300bdff001025106200f4
:103dc0001200a3a3800042340000578e0200a0140a
:103dd000040052260100e52ec0005e30800003245e
:103de0007f00c313c00003241500c3171200b5835e
:103df000010003241200a3a3019d033c40f36324ac
:103e0000010006242538000014000a240900ca1005
:103e1000204c067c0c006b8c0800688c0100c624ca
:103e200004006015080063242b40e802f7ff0051ee
:103e3000010007240100e0541200a9a31200b58379
:103e40002a18a50203006010000000001200a5a3bc
:103e500025a8a000050080101200a38303004330b2
:103e600001006054ffff84241200a3832a28640009
:103e70000200a0102598000023988300080043301a
:103e8000020046301800a3af010043300400423066
:103e900071004010000000006b00c0102b000424d3
:103ea0002d000224252880020b2043000431400ffe
:103eb00000000000ffff032401004354010010260e
:103ec00080006012019d023c252880020431400fd1
:103ed00030000424ffff0324010043540100102696
:103ee000f7ff0010ffff73269aff00100100132454
:103ef0000431400f2000042401005e54010010260c
:103f0000ffffb526faffbe16252880020700001025
:103f1000ffff1e240000e482252880020431400fa8
:103f20000100f72601005e540100102625106002f2
:103f3000f8ff4014ffff73261800a28f0fff4010f8
:103f4000ffff1324ffffb52600ffb3122528200230
:103f5000252880020431400f20000424f9ff535427
:103f600001001026f8ff0010ffffb526000047965d
:103f700004004926c347060000460800021a06004e
:103f80002518030110004830a038077c0b000011f1
:103f90001200a3a301006324ff0063300200632c1e
:103fa000070060541000a6a31000a7a70200132466
:103fb0001000b7276fff0010259020011000a6a366
:103fc000fbff0010010013241200b72769ff001047
:103fd000010013241200a3a37bff0010c000423491
:103fe000010003241200a3a32540000001000324c4
:103ff0001000072425300000100009240500691472
:104000002054037c8dff00551200a3a38cff0010e9
:104010001200b583010063240400c014ff00633064
:104020002b30e7020500c0100237070083ff005560
:104030001200aaa382ff00101200b5830100082419
:10404000eeff0010003907009dff60102528800258
:1040500096ff0010200004240f0060121800a28fa9
:104060000d00401425288002200004242400a3af62
:104070000431400f1c00a6afffff07241c00a68fd1
:10408000020047102400a38f01001026ffff7326b3
:10409000f5ff6016252880020d00c0102b000424b7
:1040a0002d000224252880020b2043000431400ffc
:1040b00000000000ffff032401004354010010260c
:1040c000019d023c40f34224200000101c00a2afde
:1040d000fcff6010019d023c25288002f3ff0010c8
:1040e000200004242d00c21380301500c0000224db
:1040f0001100c2171200a4831c00a38fc01015006a
:104100002520e002211062000000468c0400478c4c
:10411000db1a400f25280000252040000a00062455
:1041200025380000dd19400f2528600030004224aa
:104130001200a2a31200a4830431400f252880029c
:10414000ffff03240100435401001026ffffb526a2
:10415000ffff0224e3ffa216800002241800a28fb2
:104160007afe40102528200279fe60520000a480cb
:10417000ffff1524252880020431400f200004246d
:104180000100555401001026ffff7326faff605608
:10419000252880026dfe0010252820022520e0023f
:1041a0005745400f252800002000a38f0f00423004
:0c41b00021106200deff001000004290b1
:020000040000fa
:020000041d00dd
:1041bc00e8ffbd271400bfaf88bf023c4010428c03
:1041cc00000842300600401088bf023c88bf023c09
:1041dc007010428c000842300d00401488bf023c25
:1041ec004010428c00204230070040101400bf8f5a
:1041fc0088bf023c7010428c0020423017004014e3
:10420c0088bf023c1400bf8f0800e0031800bd27d4
:10421c0080bf023c00040324145443ac88bf023c0e
:10422c0000080324441043ac00a0023cbc324224de
:10423c000a000324240043ac02000324280043acee
:10424c002c00428cefff401000a0033c09f840000a
:10425c00ec32648cecff00101400bf8f00200324a0
:10426c00441043ac00a0023cbc3242242400438cda
:10427c000a00632ce4ff60101400bf8f2400428cf2
:10428c0080180200009d023ca842422421104300e9
:10429c000000428c0800400000000000d042009d4d
:1042ac00fc42009d8043009d0444009d5844009da9
:1042bc00b844009db845009d0c46009d9046009d5d
:1042cc00dc46009d0100022480bf033c085462ac14
:1042dc0088bf033c00200424781064ac000804243c
:1042ec00781064ac00a0033cc6ff0010e03262ac56
:1042fc0080bf023c1054428c01004230c2ff40147b
:10430c001400bf8f00a0023cbc3242948000432cae
:10431c000b00601400a0033c00a0033cbc326324df
:10432c000100629040100200f000423480bf043c57
:10433c00505482ac02000224b2ff0010240062ac84
:10434c00dc32638c401002002510430080bf043c1b
:10435c00505482ac0400601400a0023c05000324fd
:10436c00a8ff0010e03243ac06000324a5ff0010a8
:10437c00e03243ac80bf023c1054428c008042308f
:10438c001400401400a0023c80bf023c1054428c2c
:10439c00010042309cff40141400bf8f00a0023c6f
:1043ac00bc32449480bf033c505464acbc324224b5
:1043bc002000428c0400401400a0023c05000324a1
:1043cc0090ff0010e03243ac030003248dff00107b
:1043dc00e03243acbc32422401000324280043ac3d
:1043ec0080bf033c04000424085464ac090003247b
:1043fc0084ff0010240043ac80bf023c1054428c5c
:10440c00008042300800401400a0023c80bf023cf7
:10441c0002000324085443ac00a0023c0400032413
:10442c0078ff0010e03243acbc324224010003247c
:10443c00280043ac80bf033c04000424085464ac43
:10444c00090003246fff0010240043ac80bf023c22
:10445c001054428c010042300b00401400a0023c6e
:10446c0000a0033cbc3263240100629040100200a7
:10447c00f100423480bf043c505482ac060002244c
:10448c0060ff0010240062acbc3242240100032403
:10449c00280043ac80bf033c04000424085464ace3
:1044ac000900032457ff0010240043ac80bf023cda
:1044bc001054428c008042303300401400a0023c67
:1044cc00bc3242241400438c0c00428c2b10620032
:1044dc001100401000a0023c80bf023c1054428ce2
:1044ec000100423048ff40541400bf8f00a0023c32
:1044fc00bc3242240400448c01006524140045acf9
:10450c00211883000000639080bf023c505443ace0
:10451c003dff00101400bf8fbc3242241800438ca6
:10452c001000428c2b1062001100401080bf023c26
:10453c0002000324085443ac00a0023cbc324324c8
:10454c0001000424200064acbc3242948000422c54
:10455c000400401400a0023c0400032429ff0010b6
:10456c00e03243ac0100032426ff0010e03243ace0
:10457c0004000324085443ac00a0023c09000324ab
:10458c0020ff0010e03243acbc3242240100032473
:10459c00280043ac80bf033c04000424085464ace2
:1045ac000900032417ff0010240043ac80bf023c19
:1045bc001054428c008042300800401400a0023c91
:1045cc0080bf023c08000324085443ac00a0023c0a
:1045dc00070003240bff0010e03243acbc32422432
:1045ec0001000324280043ac80bf033c04000424d6
:1045fc00085464ac0900032402ff0010240043acef
:10460c0080bf023c1054428c02004230fefe40102f
:10461c001400bf8f80bf023c6054468c00a0023c4b
:10462c00bc3242240800438c1800458c0100a424a1
:10463c00180044ac21186500000066a01000428ce4
:10464c000a0082102000032480bf023c045443acb7
:10465c0080bf023c10000324085443ac00a0023c71
:10466c0008000324e7fe0010e03243ac80bf023c9c
:10467c00085443ac10000324085443acf8ff00105a
:10468c0000a0023c00a0023cbc3242241800438c27
:10469c001000428c2b1062000700401080bf023cbf
:1046ac0008000324085443ac00a0023c0700032478
:1046bc00d4fe0010e03243ac04000324085443ac95
:1046cc0000a0023c09000324cefe0010e03243acf3
:1046dc0000a0023cbc3242240a000324240043ac58
:1046ec0088bf033c00200424741064ac000804242c
:1046fc00741064ac2c00428cc2fe401000a0033c31
:10470c0009f84000ec32648cbffe00101400bf8f1f
:020000040000fa
:020000041d00dd
:10471c0078ffbd278400bfaf8000b6af7c00b5af7b
:10472c007800b4af7400b3af7000b2af6c00b1af2f
:10473c006800b0af010002245c00a2a325100000a9
:10474c006000a2af009d073cc84fe724010006247f
:10475c0004000524573b400f2520000000011024c5
:10476c00009d133ce04f7326009d123c00505226d6
:10477c00009d153c1850b526009d163c009d143c20
:10478c001d000010305094261000a2af25300002fe
:10479c002528a002b142400f2c00a4272c00a727eb
:1047ac000100062402000524573b400f2520000081
:1047bc00ba45400f010011243a0000105c00a2938e
:1047cc000100062403000524573b400f2520000060
:1047dc00ba45400f00000000cd808293ff004230ac
:1047ec004500401400000000d846400f640004242b
:1047fc004c00201600000000473d400f2000a4276d
:10480c002000a2931c00a2af2100a2931800a2af1b
:10481c002200a2931400a2af2800a28f1000a2af16
:10482c002500a7932400a69325286002b142400fcf
:10483c002c00a4272c00a727010006240100052426
:10484c00573b400f252000005c00a7932530000249
:10485c0025284002b142400f2c00a4272c00a7278a
:10486c000100062402000524573b400f25200000c0
:10487c00010006245c00a527b638400f2520000255
:10488c00010006245d00a5274e39400f25200002ab
:10489c005d00a2935c00a793bbff47142588000022
:1048ac005c00a293010042245c00a2a3010010262c
:1048bc00fd2c400f6000a427c1ff40104850c726b4
:1048cc00ad3b400f6000a48f2530400025386000c0
:1048dc0025288002b142400f2c00a4272c00a727ca
:1048ec000100062403000524573b400f252000003f
:1048fc00b9ff001000000000a841400f00000000ac
:10490c00cd8080a3c845400f00000000ac8083938d
:10491c0018000224b4ff621400000000d846400fb7
:10492c0064000424898080a3888080a3009d073cb8
:10493c006050e7240100062401000524573b400f7a
:10494c0025200000009d073c7850e7240100062438
:10495c0002000524573b400f25200000009d073c1a
:10496c00744ee7240100062403000524573b400f36
:10497c0025200000009d073c9050e72401000624f0
:10498c0004000524573b400f25200000140012247e
:10499c00ffff11240a001324009d143c0600001094
:1049ac00b44a94268980829301004238898082a37c
:1049bc00d846400f640004240f0010249a80879777
:1049cc00ffffe730073807020100e73023305002c1
:1049dc003000e724ff00c63003000524df3f400f02
:1049ec0025200000ffff1026f4ff11160000000028
:1049fc000500102489808793ff00e73007380702f1
:104a0c000100e730233070023000e724ff00c6308d
:104a1c0001000524df3f400f25200000ffff10267a
:104a2c00f4ff111600000000020010248880879308
:104a3c00ff00e730073807020100e730233050024f
:104a4c003000e724ff00c63001000524df3f400f93
:104a5c0025200000ffff1026f4ff111600000000b7
:104a6c00cd808293ff004230d1ff40100000000047
:104a7c00a841400f00000000a48080afcd8080a32f
:104a8c00c845400f00000000ac8082931900432cf5
:104a9c00c7ff601080100200211082020000428cbf
:104aac000800400000000000bc49009db049009d7a
:104abc00404b009d7c4b009dbc49009dbc49009d1a
:104acc00bc49009dbc49009dbc49009d184b009df4
:104adc00544b009d904b009dbc49009dbc49009dd2
:104aec00bc49009dbc49009dbc49009d2c4b009dc0
:104afc00684b009da44b009dbc49009dbc49009d8a
:104b0c00bc49009dbc49009dec4b009d8980829363
:104b1c0002004238898082a3a5ff0010000000002b
:104b2c008980829304004238898082a3a0ff001000
:104b3c00000000008980829308004238898082a39b
:104b4c009bff001000000000898082931000423807
:104b5c00898082a396ff0010000000008980829358
:104b6c0020004238898082a391ff001000000000d1
:104b7c008880829301004238888082a38cff0010c9
:104b8c00000000008880829302004238888082a353
:104b9c0087ff0010000000008880829304004238d8
:104bac00888082a382ff001000000000a850e72438
:104bbc000100062402000524573b400f252000006d
:104bcc00ba45400f000000003042400f00000000ca
:104bdc00d846400fd00704243c0a400f00000000c8
:104bec00d846400f640004241642400f25200000d4
:104bfc00009d073cd850e724010006240100052441
:104c0c00573b400f252000004143400f000000009f
:104c1c00e439400f2c00a4272c00a283e3ff4010a2
:104c2c00009d073c009d073cc050e7240100062472
:104c3c0001000524573b400f252000002c00a7271e
:104c4c000100062402000524573b400f25200000dc
:084c5c00ddff00100000000064
:020000040000fa
:020000041d00dd
:104c64000d54617267657420506f736974696f6e57
:104c7400205365742072657475726e6564202530e6
:104c840034580d000d56616c756520726563656955
:104c9400766564202d20253034580d000d474f20b3
:104ca400436f6d6d616e642072657475726e6564b8
:104cb40020253034580d00000d546172676574204e
:104cc4005265616368656420436865636b696e67f8
:104cd4002072657475726e656420253034580d0039
:104ce400506f733a7825303858000000506f733a8b
:104cf40025382e32662052657620202020000000c0
:104d0400202043414e20454e434f204552524f529e
:104d140020202020000000000d576169742046699e
:104d24006e64696e6720415a20416d706c696669d2
:104d340065722e2e0000000046696e64696e67205d
:104d4400415a20416d706c6966696572000000000b
:104d54000d415a20416d706c204765745374617421
:104d64007573204661696c65642e2e43414e5374fd
:104d74006174652d20256400415a20416d706c6971
:104d840066696572204572726f722020000000000f
:104d94000d415a20416d706c696669657220466fd9
:104da400756e6400415a20416d706c696669657264
:104db40020466f756e642e2e000000000d57616949
:104dc400742046696e64696e6720454c20416d709d
:104dd4006c69666965722e2e0000000046696e6477
:104de400696e6720454c20416d706c696669657217
:104df400000000000d454c20416d706c2047657427
:104e0400537461747573204661696c65642e2e4316
:104e1400414e53746174652d20256400454c204136
:104e24006d706c6966696572204572726f722020bc
:104e3400000000000d454c20416d706c6966696589
:104e44007220466f756e6400454c20416d706c692c
:104e54006669657220466f756e642e2e0000000030
:104e6400415a20416d706c696669657200000000ea
:104e7400494e503a2020202020202020202020208d
:104e8400202020200000000056535052313a253390
:104e94002e3166202056535052323a25332e316635
:104ea40000000000496e69743a204572723a253058
:104eb4003858202043414e2d253264004572723a01
:104ec40025303858202043414e2d253264000000ff
:104ed4004d6f746f7220506f73692e4572726f72ca
:104ee4002e2e2e0043414e3a782530345820416e00
:104ef400673a25362e3266005353493a78253034c2
:104f04005820416e673a25362e32660020205353ce
:104f14004920454e434f204552524f5220202020d5
:104f240000000000526573657474696e6720434124
:104f34004e20454e434f202000000000526573650b
:104f44007474696e672053534920454e434f2020a3
:104f54000000000053657474696e6720484f4d4526
:104f6400204d6f746f72202000000000202020204c
:104f7400202020202020202020202020202020202d
:104f8400000000004162732e506f7374696f6e3fae
:104f940000000000496e76616c696420416e676ca4
:104fa400652100004e4f20416e676c6521000000b2
:104fb4000d50726f746f2052657475726e65642043
:104fc40025640000507265737320454e5445522089
:104fd400746f20657869742e2000000025303264d7
:104fe4002f253032642f2530346420253032643a42
:104ff400253032643a2530326420000057726974d7
:105004006552656164204020253035583a25303298
:10501400580000004661696c6564204025303558ad
:1050240020253032582d253032582000416d6269d8
:10503400656e7454656d703a25342e31662044656e
:105044006700000054656d702e52656164696e6777
:10505400204661696c656420000000004f55543a95
:1050640020202020202020202042524b3a202020a3
:10507400000000004b6579733635343332312054e7
:105084006f67676c653938370000000050726573cc
:105094007320454e54455220746f20657869742ef0
:1050a400000000004e6f20526573706f6e736520b0
:1050b40066726f6d20455448000000004554482036
:1050c4004d6f64756c652049502069733a20202027
:1050d4000000000046696e64696e672045544820ec
:1050e4004d6f64756c654950000000000d504f4ec3
:1050f40020776169742e2e00504f574552204f4e31
:105104002053544152543a20202025303264000068
:105114000d57616974204f7665722e2e00000000d1
:105124000d53797374656d20496e697469616c6996
:045134007a65640034
:020000040000fa
:020000041d00dd
:10513800e8ffbd271400bfaf89bf023c20b0428cf6
:1051480000b0423017004050e48080af00b0023c0d
:1051580000b0443489bf033c24b064ac88bf033c2e
:105168000004043c441064ac89bf033c28b062ac22
:1051780089bf023c40b0428c3f00033c24104300ee
:10518800e48082afdc80828f040040101400bf8f5f
:1051980009f84000e080848f1400bf8f0800e00306
:1051a8001800bd2789bf023c20b0428c0200423063
:1051b800b400401089bf023c89bf023c30b0468c25
:1051c8007f00c6300e00c22c9f00401088bf023cf2
:1051d8008049060089bf023c50b34224211049008f
:1051e8000000478c0024e77c8010060000a0033ce8
:1051f800e0026324211043000000488c01000231c2
:10520800c20040142560c0000100eb2425200000e6
:1052180001000a24010082240d00e410ff0042303e
:1052280004184a0024286800faff65142520400065
:105238008020060000a0053ce002a524212085006e
:105248002718030024186800000083ac2558400084
:1052580089bf023c70b34224211049000000488ce9
:1052680000a0023c254002010400038d0007627c77
:10527800b500401080100b0021104b008010020078
:105288008020060021208600c0210400211044004f
:1052980000a0043c88038424211044000000448cae
:1052a8000000028d80140200fc1f053c24104500fc
:1052b800808a637c25104300000082ac0400028dc4
:1052c800000242309400401080100b0021104b0067
:1052d800801002008018060021186600c01903001b
:1052e8002110430000a0033c8803632421104300dd
:1052f8001000428c01000324000043ac80100b0016
:1053080021104b008010020080180600211866004a
:10531800c01903002110430000a0033c8803632444
:10532800211043000800448c0400038d0f006330f3
:10533800000083a00800428c000042901a00401030
:10534800255060012510000000a0053c80180b00c6
:1053580021186b008018030080200c0021608c004d
:10536800c0610c0021186c008803a5242128a30023
:1053780001004324ff0063300400a48c010087244b
:105388000400a7ac2110020108004290000082a08e
:10539800251060000800a48c000084902b1864007d
:1053a800f4ff60140100432400a0033c80100a00ad
:1053b80021104a008010020080200600212086006b
:1053c800c0210400211044008803632421106200d6
:1053d8000c00428c0400405089bf023c0200039537
:1053e800000043a489bf023c58b34224211049005d
:1053f80000200324000043ac89bf023c60b3422470
:10540800211049000000428c010042300900401080
:1054180089bf023c8010060000a0033ce002632420
:10542800211043000000428c0700401488bf023c52
:1054380089bf023c64b34224214849000100023c70
:10544800000022ad88bf023c0004033c441043ac7a
:10545800c010060000a0033c180363242110430079
:105468000000438c0600601000a0023cc03006001b
:10547800180342242130460009f860000400c48c57
:1054880089bf023c20b0428c0100423043ff4010eb
:105498001400bf8f89bf023c30b0428c7f0042307d
:1054a8000e00432c0800601089bf033c80190200dd
:1054b80089bf043c64b38424211883000001043ca0
:1054c800000064ac89bf033c0100043c24b064ac18
:1054d80088bf033c0004043c441064acc0180200bc
:1054e80000a0043c18038424211864000000658c83
:1054f80029ffa010c01002002110820009f8a000a6
:105508000400448c25ff00101400bf8f25100000f4
:1055180047ff00100100032421104b0080100200f7
:105528008018060021186600c019030021104300e6
:1055380000a0033c88036324211043001000428c20
:105548006eff0010000040ac21104b0080100200dc
:105558008018060021186600c019030021104300b6
:1055680000a0033c88036324211043000000438cff
:105578000000028dff074230000062ac0400028d7b
:105588004007427c0e00401080100b0021104b0099
:10559800801002008018060021186600c019030058
:1055a8002110430000a0033c88036324211043001a
:1055b8001000428c0100032450ff0010000043ac8f
:1055c80021104b0080100200801806002118660088
:1055d800c01903002110430000a0033c8803632482
:1055e800211043001000428c44ff0010000040ac22
:020000040000fa
:020000041d00dd
:1055f8004050050042550a00c04a0500427d04009b
:1056080025482f01c042040000800e3c25482e0189
:1056180040680700426d0d00c0620700427d060029
:1056280025608f01c05a060025608e012628a70034
:105638002428ae00ffff4f25fe07e12dcb002010e8
:1056480000000000ffffaf25fe07e12df400201049
:105658000000000023504d01ff034a254240080086
:10566800c07f090025400f0142480900023c0c0098
:10567800f401e0001b002701127000001048000030
:10568800ffff86311900ce0012200000004c0900ef
:10569800027c080025482f012b7824010600e01120
:1056a80023482401ffffce2521482c012b082c017b
:1056b800fcff201000000000f401e0001b0027019f
:1056c80012380000104800001900c700122000001e
:1056d800004c0900ffff0f3125482f012b782401ca
:1056e8000600e01123482401ffffe72421482c018c
:1056f8002b082c01fcff20100000000000740e0095
:105708002170c7011900cb011238000010200000d9
:10571800000008242b780701234007012b102f01d4
:1057280023482f012b7824012578e2010b00e01192
:1057380023482401ffffce2521400b012b780b01c4
:1057480021482c0121482f0102002c1100000000e3
:105758002b782c01f7ffe0110000000006002c1543
:105768000000000025200b002548080000000d243b
:105778002a00001025380d00023c0c00f401e0005e
:105788001b0027011268000010480000ffff863147
:105798001900cd0012200000004c0900027c08000e
:1057a80025482f012b7824010600e0112348240105
:1057b800ffffad2521482c012b082c01fcff2010f0
:1057c80000000000f401e0001b002701123800006f
:1057d800104800001900c70012200000004c090002
:1057e800ffff0f3125482f012b7824010600e01117
:1057f80023482401ffffe72421482c012b082c0112
:10580800fcff201000000000006c0d002168a701bb
:105818001900ab0112380000102000000000082415
:105828002b780701234007012b102f0123482f0154
:105838002b7824012578e2010b00e011234824018c
:10584800ffffad2521400b012b780b0121482c01ce
:1058580021482f0102002c11000000002b782c0198
:10586800f7ffe011000000000600c005000000007e
:105878002a78a0012168ad012170ce012170cf01e5
:10588800ffff4a25257828010200e01100000000ea
:105898000100ad3525480e0025400d00ffff4f25be
:1058a800fe07e12d15002010000000000004082567
:1058b80000040f2d21482f012b782f0121504f0173
:1058c800c27a08000100ef3123400f01c22208000c
:1058d800407d090025208f0040780900027b0f00d9
:1058e8002528af00007d0a002528af0025100400f8
:1058f800251805000800e003000000004400401dd2
:105908000000000001000e242370ca012000c12df0
:105918000700201400000000e0ffce212b20080023
:105928000d00091025402401f8ff0010000009347b
:105938000900c0110000000022300e000420c80039
:105948000430c9000640c8010648c9010200801099
:105958002540c800020008350004082500040f2d62
:1059680021482f01d6ff0010c25709002a780001ec
:1059780021400801214829011700401521482f011d
:10598800257828011400e011000000000800201507
:1059980000000000030000150000000029ff0010af
:1059a80000000a242548000100000824e0ff4a25d9
:1059b80020702e7123ffc0110000000023504e01fb
:1059c80022300e000630c8000440c8010448c9014e
:1059d8001cff00102548260105004d150000000099
:1059e80040780c002578eb012b00e0110000000046
:1059f800ff0701240a00a11100000000bbff4011ad
:105a080000000000257828012300e01500000000b0
:105a1800f07f013c2528a100b4ff001000000424f9
:105a28002a78600121586b0121608c011700a015ac
:105a380021608f0125788b01f5ffe011000000003f
:105a48000800801500000000030060150000000039
:105a580000ff001000000d242560600100000b24e9
:105a6800e0ffad2520708e71fafec0110000000025
:105a78002368ae0122300e000630cb000458cb015b
:105a88000460cc01f3fe00102560860125788b01a7
:105a98000200e01100000000f8ff053c93ff001031
:085aa8000000042400000000ce
:020000040000fa
:020000041d00dd
:105ab00080ffbd277c00bfaf7800beaf7400b7afda
:105ac0007000b6af6c00b5af6800b4af6400b2afa1
:105ad0006000b1af5c00b0af05000224080082a0f6
:105ae0000000908c02000292020003243300431055
:105af00025b880000300432c120060140800032422
:105b0000e500431009000324fc0043142380829322
:105b1000ae47400f2520e0027c00bf8f7800be8f8b
:105b20007400b78f7000b68f6c00b58f6800b48fab
:105b30006400b28f6000b18f5c00b08f0800e0039a
:105b40008000bd2701000324ec00431423808293ce
:105b500002004234238082a30000838c0300629001
:105b600000120200040064905041400f21204400c4
:105b7000019d043cb00f868cb40f878c252040001b
:105b8000d61b400f25286000019d043cb80f868c71
:105b9000bc0f878c25204000d61b400f25286000b5
:105ba000010007242530000025204000de31400f91
:105bb00025286000d6ff001000000000238082939b
:105bc00002004234238082a30000908c03000292e2
:105bd00000120200040004925041400f21204400b2
:105be000019d123cb00f468eb40f478e2520400019
:105bf000d61b400f25286000019d113cb80f268e52
:105c0000bc0f278e25204000d61b400f25286000a2
:105c10004800a2af4c00a3af0500029200120200a0
:105c2000060004925041400f21204400b00f468ee0
:105c3000b40f478e25204000d61b400f252860005a
:105c4000b80f268ebc0f278e25204000d61b400f94
:105c5000252860005000a2af5400a3af0a00102412
:105c6000009d163ce44cd626019d1e3cc00fd48fef
:105c7000c40fd58f009d113cf04c3126009d023c95
:105c800012000010044d52240100062401000524d6
:105c9000573b400f25200000ba45400f0000000090
:105ca000440000100100072401000624010005241f
:105cb000573b400f25200000ba45400f0000000070
:105cc000ffff102692ff00120000000001000724d1
:105cd000253000004800a48fde31400f4c00a58f16
:105ce0004000a5270044400f0b0004244000a68f6d
:105cf0002528c002b142400f1400a4271400a72792
:105d00000100062403000524573b400f2520000016
:105d10005041400f4000a48f253080022538a0025a
:105d2000252040007e15400f2528600025304000ca
:105d30002538600025282002b142400f1400a42716
:105d40001400a7270100062404000524573b400f38
:105d5000252000004000a28ff08082af1000a52710
:105d60009746400f020004243080828fc6ff401403
:105d700025384002148086973800a5276537400fe4
:105d80001000a48f1400a727010006240100052499
:105d9000573b400f252000001000a28f108182afda
:105da0003800a28f3c00a38f088182af0c8183afa3
:105db00001000724253000005000a48fde31400f81
:105dc0005400a58f4000a5270044400f0b00042479
:105dd0004000a68f2528c002b142400f1400a4271e
:105de0001400a7270100062403000524573b400f99
:105df000252000005041400f4000a48fc00fc68fe7
:105e0000c40fc78f252040007e15400f2528600055
:105e1000253040002538600025282002b142400f7f
:105e20001400a4271400a727010006240400052459
:105e3000573b400f252000004000a28ff08082af2a
:105e40001000a5279746400f020004243080828f5f
:105e500095ff401425384002148086973800a52706
:105e60006537400f1000a48f1400a72701000624f7
:105e700001000524573b400f252000001000a28f91
:105e8000108182af3800a28f3c00a38f088182afbf
:105e90008bff00100c8183af5041400f0300049230
:105ea000019d043cc80f868ccc0f878c25204000b8
:105eb0007e15400f25286000252840000400079229
:105ec000ff0006240a00e6102520600001000724d8
:105ed000010006242518a000251080002520600060
:105ee000de31400f2528400009ff001000000000af
:105ef0000080043cf5ff0010262083004408027c4b
:085f000003ff0010238082a3bf
:020000040000fa
:020000041d00dd
:105f0800c0ffbd273800beaf3c00bfaf3400b7affd
:105f18003000b6af2c00b5af2800b4af2400b3af43
:105f28002000b2af1c00b1af1800b0af00008380f2
:105f3800019d1e3c9ddade272110c303000042802c
:105f48004000a4af88004230f00040104400a5afe4
:105f58002580800001001026000003822110c30361
:105f68000000428088004230fbff405401001026a8
:105f78002d000224ae0062102b0063380100632c50
:105f880021800302000003821000a0af2110c30388
:105f98000000429004004230af0040102e0002245e
:105fa80025b000002588000025a000002528200233
:105fb800d0ff77242520c00225300000d61b400fd3
:105fc8002440073c2520e002259040005041400f26
:105fd80025986000253040002538600025204002c3
:105fe800d318400f2528600201001026258860007c
:105ff8000000038225b040002110c3030000429036
:1060080004004230e9ff401425a097022e00022424
:10601800bb00621401000424010003822110c303a1
:10602800000042900400423067004010010015262d
:1060380001001324d0ff7224252820022520c00245
:1060480025300000d61b400f2440073c2520400285
:1060580025b040005041400f25b860002530400071
:106068002520c00225386000d318400f2528e002fb
:106078000100b526258860000000a38225b04000f5
:10608800232075022110c3030000429025a092022c
:1060980004004230e7ff4014219004024429037ca5
:1060a80045000224710062500100a5824400a28fbd
:1060b8000200401000000000000055ac48004012eb
:1060c800019d133cc317120026b8520023b8e20200
:1060d80025200000f03f053c0900102403000010b3
:1060e800541273260e00001225308000ffff102680
:1060f8000718170201006330faff6010c01810007b
:10610800211863020000668cd61b400f0400678cc0
:1061180025204000f5ff0016252860002530800066
:106128002538a0002520c0026b0040062528200243
:10613800d61b400f000000002520400025286000e5
:106148008528400f2530400225b040002588600092
:106158002500c01600f0227ef07f033c2300431484
:106168002510d10200a0023c22000324283443acad
:106178001000a28f210040103c00bf8f2520c002d4
:106188007747400f252820023c00bf8f25b04000ec
:10619800258860002510c002251820023800be8f0f
:1061a8003400b78f3000b68f2c00b58f2800b48f1d
:1061b8002400b38f2000b28f1c00b18f1800b08f5d
:1061c8000800e0034000bd274c0080142580a00291
:1061d8004400a28f020040104000a38f000043ac8f
:1061e800ddffc01200f0227e2510d10249004010c8
:1061f8001000a28fe1ff40143c00bf8f2510c002a1
:10620800251820023800be8f3400b78f3000b68fb3
:106218002c00b58f2800b48f2400b38f2000b28fd4
:106228001c00b18f1800b08f0800e0034000bd27a4
:106238000100102600000382010002241000a2af12
:106248002110c303000042900400423055ff40145f
:1062580025b000002e00022425b000003400621092
:1062680025880000daff001025a000002d00022478
:106278001e00a2102b0002242a00a2500200a582b0
:106288000100b526253800002110c5030000429002
:10629800040042300c004010252000000100b52603
:1062a800d0ffa6240000a58280100400211044001d
:1062b8002118c503000063904010020004006330f9
:1062c800f6ff60142120c200231004000b204700b1
:1062d80076ff0010219044027e15400f0000000058
:1062e8002520400096ff0010252860000200a582a6
:1062f80001000724e4ff00100200b5260000038215
:1063080025a8000265ff00102590000018ff001066
:106318004000b08fb7ff80521000a28f92ff00108c
:1063280000a0023c25380000d7ff00100200b52667
:0c6338002520000038ff001025a0000008
:020000040000fa
:020000041d00dd
:106344000080013c2638e10040580500425d0b0006
:10635400c0520500427d040025504f01c04a04008c
:106364000080083c255048014070070042750e002b
:10637400c06a0700427d06002568af01c0620600be
:106384002568a801ffff6f25fe07e12d8d00201071
:1063940000000000ffffcf25fe07e12dbb00201009
:1063a400000000000080013c2428a10023406e016d
:1063b4002c0000110000000015000019000000006e
:1063c4002000012d0700201400000000e0ff082138
:1063d4002b300c0023000d102560a601f8ff0010df
:1063e40000000d341f0000110000000022200800ee
:1063f40004308c0004208d0006600c0106680d0139
:106404001800c01025608c001600001002008c35a6
:1064140025580e00234008002000012d07002014f9
:1064240000000000e0ff08212b3009000d000a10d5
:1064340025484601f8ff001000000a340900001145
:1064440000000000222008000430890004208a0093
:106454000648090106500a010200c01025488900b7
:10646400020029352678a7001c00e0050000000082
:1064740021482c012b782c0121504d0121504f0132
:1064840002004d11000000002b784d013700e0118f
:106494000000000001002f310200e01100000000a4
:1064a4000200293542480900c07f0a0025482f010f
:1064b40042500a000080013c2550410101006b2537
:1064c400ff0701242900611500000000f07f013c52
:1064d4002528a10037000010000004242b782c018b
:1064e40023482c012b104f0123504f012b784d01d1
:1064f4002578e2010700e01123504d010080013ca2
:106504002628a1002b7809002348090023500a00fb
:1065140023504f010800401500000000030020151f
:10652400000000000d00001000000b242550200185
:1065340000000924e0ff6b2520404871070000118a
:10654400000000002358680122200800062089006a
:106554000448090104500a012550440125784901e1
:106564000200e01500000000000005246800601926
:10657400000000000004292500042f2d21504f01a4
:106584002b784f0121586f01c27a09000100ef31c5
:1065940023482f01c2220900407d0a0025208f00d4
:1065a40040780a00027b0f002528af00007d0b0015
:1065b4002528af0025100400251805000800e00375
:1065c400000000002a7820012148290121504a01b5
:1065d4002300601521504f01257849011400e01172
:1065e4000000000008004015000000000300201512
:1065f4000000000067ff001000000b24255020015c
:1066040000000924e0ff6b252040487161ff001160
:106614000000000023586801222008000620890099
:106624000448090104500a015aff0010255044018e
:10663400ff0701241500c111000000002140e700fc
:10664400257806010300e01500000000d9ffe004ee
:106654000000000025100600d8ff001025180700d0
:10666400257849012700e01500000000ff070124f8
:10667400d0ffc115000000002678a7002100e00526
:1066840000000000f3ff0010000000002a788001e1
:1066940021608c012168ad011700c0152168af018c
:1066a4002578ac01c3ffe011000000000800a0152c
:1066b40000000000030080150000000039ff0010f6
:1066c40000000e242568800100000c24e0ffce2584
:1066d4002040a87133ff0011000000002370c8019e
:1066e4002220080006208c0004600c0104680d01bf
:1066f4002cff00102568a4012578ac01d5ffe0111a
:1067040000000000f8ff053caaff0010000004246c
:106714000100082423400b012000012d0700201450
:1067240000000000e0ff08212b3009000d000a10d2
:1067340025484601f8ff001000000a340900001142
:1067440000000000222008000430890004208a0090
:106754000648090106500a010200c01025488900b4
:106764000200293583ff001000000b240000000004
:020000040000fa
:020000041d00dd
:106774002548c000251080009900e0142518a000c9
:106784002b30a6003400c01020502a71080040515c
:10679400022409000418450123280a000628a4003d
:1067a400044849012518a3000410440102240900e7
:1067b4001b006400f4018000ffff27311218000061
:1067c4001028000002306770001c0500022c020033
:1067d400251865002b2866000900a05023186600c0
:1067e400211869002b2869000500a05423186600ad
:1067f4002b2866000100a0542118690023186600a4
:106804001b006400f4018000ffff423012180000f6
:106814001030000002206770001c06002510620082
:106824002b18440009006050231044002110490033
:106834002b18490005006054231044002b18440011
:106844000100605421104900231044000610420145
:106854000800e003251800000500201501000324aa
:106864001b006900f40120011248000020502a7125
:106874002b004015200007242328a9000224090026
:106884001b00a400f4018000ffff27311228000040
:10689400101800000230a770002c0300021c020034
:1068a4002528a3002b18a600090060502330a60059
:1068b4002128a9002b18a900050060542330a60044
:1068c4002b18a600010060542128a9002330a6003b
:1068d4001b00c400f4018000ffff423012300000ae
:1068e400102800000218c770003405002510c200eb
:1068f4002b204300d5ff8050231043002110490072
:106904002b204900d1ff8054231043002b20430047
:106914000100805421104900ccff001023104300d3
:106924002338ea00044849010618e4000234090047
:106934000638e5001b00e600f401c0000410450120
:10694400ffff2b312518620004104401022c0300c0
:1069540012380000102000000240eb70003c0400dc
:106964002538e5002b20e800090080502338e80092
:106974002138e9002b20e900050080542338e80081
:106984002b20e800010080542138e9002338e80076
:106994001b00e600f401c000ffff65301230000068
:1069a40010380000003c07002528e5000230cb70b9
:1069b4002b18a600b1ff60502328a6002128a900a7
:1069c4002b18a900adff60542328a6002b18a6009d
:1069d400010060542128a900a8ff00102328a60064
:1069e4002b40a7005e0000152070ee700c00c0154f
:1069f40020000b242b40e5000500005523108600e1
:106a04002b4086005600001500000000231086006d
:106a14002328a7002b1882000800e0032318a300f2
:106a240023586e01066066010438c70125388701c2
:106a34000418c501024c0700062865011b00a900c3
:106a4400f40120010410c601ffffe83006306401a0
:106a54002530c300026406000420c401122800008b
:106a64001050000000540a0025504c010218057112
:106a74002b6043010a0080112568a00021504701c2
:106a84002b60470106008015ffffad242b604301f6
:106a94000400805123504301feffad2421504701df
:106aa400235043011b004901f40120011248000056
:106ab4001050000000540a0002180971ffffc8308a
:106ac400254048012b3003010a00c010252820016d
:106ad400214007012b3007010600c014ffff2525c4
:106ae4002b3003010400c01000640d00feff2525b7
:106af4002140070100640d00256085011900820111
:106b040023400301106800002b280d012518a00163
:106b1400126000000600a0141230000009000d15d8
:106b2400233086002b288c000700a050234003014b
:106b3400233082012338a7012b6086012318ec003f
:106b440023308600234003012b18860023180301f9
:106b5400041063010630c601251046000618c3015f
:106b64000800e003000000002540c0002518e000f4
:106b740025508000a300e0142510a0002b30a600af
:106b84003400c01000000000202805710800a05047
:106b9400022c08002320050006208a000410a2000d
:106ba4000440a800251082000450aa00022c08000a
:106bb4001b004500f401a000ffff073102240a0076
:106bc40012300000101000000014020025204400c0
:106bd4000248e6702b5889000a0060112510c00095
:106be400212088002b58880006006015ffffc2246e
:106bf4002b5889000400605123208900feffc22421
:106c040021208800232089001b008500f401a000b6
:106c1400ffff4a311220000010280000002c05005c
:106c24002550aa000238e4702b2847010600a01062
:106c34002530800021500a012b404801ffff8624a3
:106c4400360000112b504701001402000800e00335
:106c540025104600060000152010027101000224d0
:106c64001b004800f40100011240000020100271d2
:106c74002e004014200009242328a8000100032426
:106c8400023408001b00a600f401c000ffff073116
:106c940002240a0012280000101000000014020050
:106ca400252044000248e5702b5889000a00601131
:106cb4002510a000212088002b58880006006015ac
:106cc400ffffa2242b58890004006051232089006f
:106cd400feffa22421208800232089001b008600b7
:106ce400f401c000ffff4a31122000001030000000
:106cf400003406002550ca000228e4702b384501f0
:106d0400d1ffe0102530800021500a012b404801ba
:106d1400cdff0015ffff86242b504501caff4055c7
:106d2400feff8624c9ff001000140200234822013c
:106d34000440480004184500045044000628250176
:106d4400021408001b00a200f4014000ffff0631fa
:106d5400063824012538e300021c0700122800002d
:106d64001020000000240400252083000248c57080
:106d74002b5889000a0060112518a00021208800e2
:106d84002b58880006006015ffffa3242b588900a8
:106d94000400605123208900feffa32421208800e1
:106da400232089001b008200f4014000ffffe5302e
:106db4001210000010200000002404002528850083
:106dc4000230c2702b38a6000a00e01025204000d3
:106dd4002128a8002b38a8000600e014ffff442453
:106de4002b38a6000400e050001c0300feff4424de
:106df4002128a800001c03002328a600a0ff0010df
:106e0400251864002b10a7004f004014251800001b
:106e14002050ea7008004015200009242b28e500c2
:106e24004a00a054010002242b10860001004238bd
:106e34000800e0032518000023482a010610260153
:106e4400043847012538470002440700041045016f
:106e5400062825011b00a800f40100010660240196
:106e6400ffffeb3025608201021c0c000430460158
:106e74001228000010480000004c09002548230196
:106e8400021065712b6822010a00a0112518a000c8
:106e9400214827012b6827010600a015ffffa32422
:106ea4002b6822010400a05123482201feffa324e1
:106eb40021482701234822011b002801f401000175
:106ec400ffff85311240000010480000004c09000b
:106ed40025282501025868712b10ab000a004010c8
:106ee400254800012128a7002b10a7000600401404
:106ef400ffff09252b10ab00040040100014030011
:106f0400feff09252128a7000014030025104900cd
:106f1400190046002328ab00103800002b18a700e6
:106f240007006014123000000800a71425180000a0
:106f3400042044012b20860004008010000000007f
:106f4400bbff0010ffff4224251000000800e003ef
:046f54000000000039
:020000040000fa
:020000041d00dd
:106f58004050050042550a00c04a0500427d040021
:106f680025482f01c042040000800e3c25482e0110
:106f780040680700426d0d00c0620700427d0600b0
:106f880025608f01c05a060025608e012628a700bb
:106f98002428ae00ffff4f25fe07e12d47002010f3
:106fa80000000000ffffaf25fe07e12d6f00201055
:106fb8000000000002fcaf2521504f0119002c01f0
:106fc800123800001070000019000b011220000098
:106fd8001030000019002b01125800001068000042
:106fe8002130cb002b78cb002138ed002138ef0081
:106ff8000200ed10000000002b78ed002170cf0199
:1070080019000c0112400000104800002130c8008f
:107018002b78c8002138e9002138ef000200e91078
:10702800000000002b78e9002170cf012578860048
:107038000200e011000000000100e73425480e00be
:1070480006002005254007002a7800012140080194
:107058002148290121482f01ffff4a25ffff4f251d
:10706800fe07e12d6800201000000000000408253c
:1070780000040f2d21482f012b782f0121504f019b
:10708800c27a08000100ef3123400f01c222080034
:10709800407d090025208f0040780900027b0f0001
:1070a8002528af00007d0a002528af002510040020
:1070b800251805000800e003000000002a780001f8
:1070c80021400801214829011c00401521482f01b1
:1070d800257828011400e0110000000008002015a0
:1070e800000000000300001500000000adff0010c4
:1070f80000000a242548000100000824e0ff4a2572
:1071080020702e71a7ffc0110000000023504e010f
:1071180022380e000638e8000440c8010448c901b6
:10712800a0ff001025482701ff0701243300a11103
:1071380000000000ddff0010000000002578280195
:107148002e00e015000000000500a015000000005a
:1071580040780c002578eb012800e01100000000c1
:10716800ff0701242100a115000000002a78600112
:1071780021586b0121608c011900a01521608f0135
:1071880025788b011400e01100000000080080152c
:1071980000000000030060150000000085ff0010db
:1071a80000000d242560600100000b24e0ffad25e0
:1071b800203086717fffc010000000002368a60100
:1071c800227006000670cb010458cb000460cc0086
:1071d80078ff001025608e01b4ff00100000042421
:1071e80025788b010500e01500000000f07f013cc8
:1071f8002528a100adff001000000424f8ff053c7d
:10720800aaff001000000424f8ff401d0000000041
:1072180001000e242370ca012000c12d070020148c
:1072280000000000e0ffce212b3008000d000910ff
:1072380025402601f8ff0010000009340900c0119c
:107248000000000022380e000430e8000438e9008d
:107258000640c8010648c9010200c0102540e800e0
:10726800020008350004082500040f2d21482f01cd
:0c72780083ff0010c25709000000000056
:020000040000fa
:020000041d00dd
:10728400c0ffbd273c00bfaf3800b1af3400b0af82
:10729400a18080a303000224b846400f1800a2a3d3
:1072a4002800a2af108080af010002241000a2af1a
:1072b4001d00a727010006241800a527693e400fda
:1072c4006f00042402001024010011241080828f16
:1072d40018005010000000001080828f150051101b
:1072e40000000000b846400f000000002800a38ff3
:1072f400231043002c00a2af2c00a28f1500422cb7
:10730400f2ff401400000000019d043cf245400fd0
:10731400e499842403000224108082af2510000025
:107324003c00bf8f3800b18f3400b08f0800e003f9
:107334004000bd271080838f010002242c006214ba
:10734400019d043c1d00a2930800433030006010ee
:10735400030003241d00a39320006330f0ff601496
:1073640001000224b846400f1800a0a32800a2afd1
:10737400108080af010002241000a2af1d00a727d7
:10738400010006241800a527693e400f6f0004245d
:1073940002001024010011241080828f4900501033
:1073a400000000001080828f460051100000000091
:1073b400b846400f000000002800a38f23104300ac
:1073c4002c00a2af2c00a28f1500422cf2ff401417
:1073d40000000000019d043cf245400fe499842420
:1073e40003000224108082afcdff0010251000009e
:1073f400f245400f0c9a842403000224108082afcb
:10740400ba45400f00000000c5ff00102510000021
:107414001c00a3a308004234b846400f1d00a2a3d9
:107424002800a2af108080af020006241c00a5270c
:10743400f33e400f6f0004240200102401001124c5
:107444001080828f14005010000000001080828f82
:107454001100511000000000b846400f0000000069
:107464002800a38f231043002c00a2af2c00a28f6e
:107474001500422cf2ff401400000000019d043c62
:10748400f245400fe499842403000224108082af63
:10749400a3ff0010251000001080838f0100022438
:1074a400adff62101d00a393019d043cf245400f03
:1074b4000c9a842403000224108082af98ff0010e9
:1074c400251000001080838f010002240800625000
:1074d4001c00a0a3019d043cf245400f0c9a842497
:1074e40003000224108082af8dff001025100000dd
:1074f4001d00a29380ff032425104300b846400fcb
:107504001d00a2a32800a2af108080af02000624b1
:107514001c00a527f33e400f6f0004240200102432
:10752400010011241080828f14005010000000000c
:107534001080828f1100511000000000b846400fe7
:10754400000000002800a38f231043002c00a2afea
:107554002c00a28f1500422cf2ff40140000000002
:10756400019d043cf245400fe49984240300022465
:10757400108082af6aff0010251000001080848ff5
:107584000100032466ff831001000224019d043cd2
:10759400f245400f0c9a842403000224108082af29
:0875a4005fff0010251000003c
:020000040000fa
:020000041d00dd
:1075ac00a0ffbd275c00bfaf5800beaf5400b7af03
:1075bc005000b6af4c00b5af4800b4af4400b3af09
:1075cc004000b2af3c00b1af3800b0af25a0800096
:1075dc002598a0006800a6af25b8e0007400b0970d
:1075ec001000a0af1400a0af1800a0af1c00a0affb
:1075fc002000a0af2400a0af2800a0af2c00a0afab
:10760c002590a0002530a000200005242c3c400f24
:10761c001000a4272a47400f25208002a48080afa9
:10762c00cd8080a31000a7272530e0026800a58f2d
:10763c00573b400f252080023000b4af6800a28f6a
:10764c003400a2af2110f302ffff56242530c002f4
:10765c006800a58ffb41400f252080024089100057
:10766c00238830028088110021883002c0881100e4
:10767c00009d153c5878b52603007e2a1000a227e1
:10768c00219853000f00a2275e0000102190520099
:10769c0047000010380004241000a2832d0042384b
:1076ac00200004242d0003240a1882001000a3a338
:1076bc001000a7272530e0026800a58f573b400f2c
:1076cc00252080022530c0023400a58ffb41400fdd
:1076dc003000a48f47000010000000002e0005248d
:1076ec00e246400f1000a4274200401400000000a6
:1076fc002f0000102e0004243147400f252080025b
:10770c003000062420000524fa42400f1000a42764
:10771c00252800006947400f1000a4277000a48f93
:10772c00000082ac12000010040083ac200000109a
:10773c00360004241e000010350004241c00001028
:10774c00340004241a000010330004241800001024
:10775c003200042416000010310004241400001020
:10776c00300004243147400f252080022580000082
:10777c00251000025c00bf8f5800be8f5400b78fdd
:10778c005000b68f4c00b58f4800b48f4400b38fb7
:10779c004000b28f3c00b18f3800b08f0800e0037e
:1077ac006000bd27020000103900042437000424b7
:1077bc000600c0171100a22701004390000043a04f
:1077cc0001004224fdff525401004390ffff64a2cc
:1077dc001000a7272530e0026800a58f573b400f0b
:1077ec00252080022530c0023400a58ffb41400fbc
:1077fc003000a48fa480828f2b102202d9ff40145a
:10780c0000000000cd809093ff001032f9ff0012b1
:10781c0000000000c845400f00000000a48080afad
:10782c00a841400f00000000cd8080a3ac80829363
:10783c001900432cefff6010801002002110a202ef
:10784c000000428c08004000000000006877009d9a
:10785c006077009d4877009db877009d0078009d6b
:10786c000078009d0078009d0078009de876009dd2
:10787c005877009d4077009d9c76009d0078009d78
:10788c000078009d0078009d0078009da476009df6
:10789c005077009d3877009db077009d0078009d53
:1078ac000078009d0078009d0078009d0477009d75
:020000040000fa
:020000041d00dd
:1078bc00b0ffbd274c00bfaf4800beaf4400b7af10
:1078cc004000b6af3c00b5af3800b4af3400b3af36
:1078dc003000b2af2c00b1af2800b0af25808000d3
:1078ec000400b48c0800a28c21a0820201000424a4
:1078fc00041084022400a2afffff42242000a2af98
:10790c000300022e1c00401025b8a0002598000092
:10791c000100942600606241c000000001000224b6
:10792c0026000212288080a32014107c180040101e
:10793c00020002242a00021288bf023c259000009b
:10794c001c0080122588000088bf163c88bf1e3c96
:10795c002000152488bf023c1000a2af88bf023c57
:10796c001400a2af88bf023c1800a2af88bf023c33
:10797c00330000101c00a2af25280002019d043c1e
:10798c00e445400f8c0d84246f000010251000007e
:10799c0088bf023c20000324286143ac0b45400ff8
:1079ac000100042488bf023c1061538ce3ff0010db
:1079bc008001737e5c0000102590800288bf023c21
:1079cc0020000324686043ac0b45400f01000424e5
:1079dc0088bf023c1061538cd8ff00104002737eac
:1079ec0000100324e86043ac0b45400f0100042455
:1079fc0088bf023cd060538cd0ff00104003737ed4
:107a0c001800a28f246155ac0b45400f19000424bb
:107a1c00409012001400a28f286155ac0b45400f0a
:107a2c00190004241061d38e8001737e010031266d
:107a3c00ff0031322b1034023600401025905302d7
:107a4c00010002241a0002122014107cecff4010da
:107a5c00020002242100021288bf023c0b45400f99
:107a6c001900042401000224160002124090120096
:107a7c002014107ce7ff4010020002241d000212ab
:107a8c0088bf023c0b45400f19000424010002245e
:107a9c000f0002122014107ce2ff4010020002249e
:107aac00e3ff025601003126170000101c00a28fc4
:107abc001000a28f646055ac0b45400f19000424d4
:107acc00409012006860d5af0b45400f190004249c
:107adc001061d38ed5ff00104002737e001003247a
:107aec00e46043ac0b45400f190004244090120095
:107afc0088bf023c00100324e86043ac0b45400fe8
:107b0c00190004241c00a28fd060538cc7ff0010f6
:107b1c004003737e0100423203004010000000005d
:107b2c0001000224288082a3206062414246400f5b
:107b3c0019000424429012000000e3922000a28f4e
:107b4c000d006014241052004c00bf8f4800be8ff3
:107b5c004400b78f4000b68f3c00b58f3800b48f0f
:107b6c003400b38f3000b28f2c00b18f2800b08f4f
:107b7c000800e0035000bd272400a28f2000a38f33
:107b8c00252043000847400f24209200efff0010ef
:047b9c004c00bf8f4b
:020000040000fa
:020000041d00dd
:107ba000c0ffbd273c00bfaf3800b0af25808000cc
:107bb0003400a0afce46400f1c0084901c00a0af44
:107bc0002000a0af2400a0af2800a0af308080af7d
:107bd0002530000002000524019d043cff46400fb3
:107be000b8058424000004921000a0af25380000de
:107bf0000400068e08000592a12e400f0006842482
:107c000005000224588082af0300032404000424ea
:107c10003080828f0e004310000000003080828f81
:107c20000b004410000000005880828ff8ff4014c1
:107c300000000000019d043cf245400f880a8424a6
:107c400005000224308082af0500001025100000de
:107c5000308080af140003920500601401000224fc
:107c60003c00bf8f3800b08f0800e0034000bd2704
:107c70001c00069201000524019d043cff46400fb4
:107c8000b80584243400a2271400a2af1c0002927d
:107c90001000a2af3000a7271c00a6271800a527b8
:107ca000502c400f2c00a4272800028e588082af51
:107cb00003000324060004243080828f1700431041
:107cc0001c00a2933080828f140044101c00a293e9
:107cd0005880828ff8ff4014010002241800a393fb
:107ce00008006250019d043c019d043cf245400f98
:107cf000b00a842407000224308082afd8ff00102d
:107d000025100000f245400f9c0a84240b00022439
:107d1000308082afd2ff0010251000000c00038ecf
:107d200016004350140003928000032405004350c2
:107d30000a00022409000224308082afc8ff00102c
:107d400025100000308082af2300a29300140200af
:107d50002200a393001b0300211043002000a393e3
:107d6000211043002100a393001a030021104300b7
:107d70002c8082afbaff0010251000001800a293db
:107d8000050062501000028e08000224308082af8d
:107d9000b3ff0010251000001d00a49300004390c5
:107da00009008354080002241e00a493010043909c
:107db00005008354080002241f00a3930200429090
:107dc0000400621008000224308082afa4ff00107b
:107dd00025100000308080af1800028e02000324be
:107de0001a0043100300432c0f0060140300032407
:107df0001b00431004000324120043142200a39329
:107e00002300a2930012020021104300001202007e
:107e10002100a39321104300001202002000a3932d
:107e20000500001021104300010003240200435408
:107e3000251000002000a293240002ae88ff00104d
:107e400001000224fcff0010251000002100a29375
:107e5000001202002000a393f7ff0010211043003e
:107e60002200a293001202002100a39321104300dc
:107e7000001202002000a393efff00102110430026
:020000040000fa
:020000041d00dd
:107e8000e8ffbd271400bfaf1000b0af88bf023cb1
:107e90004010428c200042300700401088bf023c56
:107ea00088bf023c7010428c200042301900401400
:107eb00080bf023c88bf023c4010428c40004230f0
:107ec0000700401088bf023c88bf023c7010428c03
:107ed000400042302200401400a0023c88bf023c17
:107ee0004010428c80004230070040101400bf8fc9
:107ef00088bf023c7010428c800042304800401421
:107f000000a0023c1400bf8f1000b08f0800e003f7
:107f10001800bd271064428c0e00423000a0103cb7
:107f2000f0321026300002ae88bf023c200003244d
:107f3000741043ac40000324741043ac9c40400fc9
:107f40002c0000a22400028edaff401000a0033ca7
:107f500009f840001833648cd7ff001088bf023c3a
:107f60001c334290deff401088bf023c80bf073cbc
:107f700000a0033cf032632480bf0a3c06000924c1
:107f80000700001080bf083c3064058d1800648c29
:107f900001004624200066ac21108200000045a0ac
:107fa0001064e28c010042301200401088bf023c95
:107fb0002000628c1c00648c2b20440056008050f2
:107fc00088bf023c0064448d06008430eeff8914b3
:107fd000000000003064058d1800648c0100462408
:107fe000200066ac4010020021108200ecff00105f
:107ff000000045a440000324441043ac00a0023c10
:10800000f03242242000438c1c00428c2b10620072
:10801000b3ff405488bf023c4200001000a0023c65
:1080200004334290b8ff40101400bf8f00a0023c00
:10803000f03243240400668cf0324a8c80bf053c49
:108040002520600080bf093c0600082405000010c0
:1080500080bf073c080083ac211042010000429021
:108060002064e2ac1064a28c000242301000401484
:1080700088bf023c0800828c2b1846001700605015
:1080800088bf023c0064238d06006330f1ff681452
:1080900001004324080083ac40100200211042017b
:1080a000000042942064e2aceeff001000000000eb
:1080b00080000324441043ac00a0023cf032422470
:1080c0000800438c0400428c2b1062008eff401489
:1080d0001400bf8f0400001000a0023c80000324a5
:1080e000441043ac00a0023cf0324224140040a0f3
:1080f00088bf033c80000424741064ac0c00428ce4
:1081000080ff401000a0033c09f840000033648c5d
:108110007dff00101400bf8f40000324441043acc7
:1081200000a0023cf03242242c0040a088bf033c57
:1081300020000424741064ac40000424741064ac67
:108140002400428c65ff401000a0033c09f8400069
:0c8150001833648c62ff001088bf023cf2
:020000040000fa
:020000041d00dd
:10815c00e8ffbd271400bfaf1000b0af88bf023cd2
:10816c003010428c8006427c0700401088bf023cd5
:10817c0088bf023c6010428c8006427c190040147f
:10818c0080bf023c88bf023c3010428cc006427c4f
:10819c000700401088bf023c88bf023c6010428c34
:1081ac00c006427c2200401400a0023c88bf023c66
:1081bc003010428c0007427c070040101400bf8f27
:1081cc0088bf023c6010428c0007427c480040147f
:1081dc0000a0023c1400bf8f1000b08f0800e00319
:1081ec001800bd271060428c0e00423000a0103cdd
:1081fc0024331026300002ae88bf023c0004033c3e
:10820c00641043ac0008033c641043acba40400f0c
:10821c002c0000a22400028edaff401000a0033cc8
:10822c0009f840004c33648cd7ff001088bf023c27
:10823c0050334290deff401088bf023c80bf073ca9
:10824c0000a0033c2433632480bf0a3c06000924ad
:10825c000700001080bf083c3060058d1800648c4e
:10826c0001004624200066ac21108200000045a0cd
:10827c001060e28c010042301200401088bf023cba
:10828c002000628c1c00648c2b2044005600805013
:10829c0088bf023c0060448d06008430eeff8914d8
:1082ac00000000003060058d1800648c010046242d
:1082bc00200066ac4010020021108200ecff001080
:1082cc00000045a40008033c341043ac00a0023c61
:1082dc00243342242000438c1c00428c2b1062005f
:1082ec00b3ff405488bf023c4200001000a0023c87
:1082fc0038334290b8ff40101400bf8f00a0023cee
:10830c00243343240400668c24334a8c80bf053c00
:10831c002520600080bf093c0600082405000010e1
:10832c0080bf073c080083ac211042010000429042
:10833c002060e2ac1060a28c0002423010004014ad
:10834c0088bf023c0800828c2b1846001700605036
:10835c0088bf023c0060238d06006330f1ff681477
:10836c0001004324080083ac40100200211042019c
:10837c00000042942060e2aceeff00100000000010
:10838c000010033c341043ac00a0023c24334224c4
:10839c000800438c0400428c2b1062008eff4014aa
:1083ac001400bf8f0400001000a0023c0010033c1e
:1083bc00341043ac00a0023c24334224140040a0ef
:1083cc0088bf033c0010043c641064ac0c00428c6d
:1083dc0080ff401000a0033c09f840003433648c4b
:1083ec007dff00101400bf8f0008033c341043ac19
:1083fc0000a0023c243342242c0040a088bf033c44
:10840c000004043c641064ac0008043c641064accc
:10841c002400428c65ff401000a0033c09f840008a
:0c842c004c33648c62ff001088bf023cdf
:020000040000fa
:020000041d00dd
:10843800e8ffbd271400bfaf1000b0af88bf023cf3
:108448005010428c000242300700401088bf023ca6
:1084580088bf023c8010428c000242301900401450
:1084680080bf023c88bf023c5010428c000442305e
:108478000700401088bf023c88bf023c8010428c35
:10848800000442302200401400a0023c88bf023c95
:108498005010428c00084230070040101400bf8f73
:1084a80088bf023c8010428c0008423048004014cb
:1084b80000a0023c1400bf8f1000b08f0800e0033a
:1084c8001800bd27106a428c0e00423000a0103cf4
:1084d80058331026300002ae88bf023c0002032445
:1084e800841043ac00040324841043acd840400fec
:1084f8002c0000a22400028edaff401000a0033cea
:1085080009f840008033648cd7ff001088bf023c14
:1085180084334290deff401088bf023c80bf073c96
:1085280000a0033c5833632480bf0a3c060009249a
:108538000700001080bf083c306a058d1800648c65
:1085480001004624200066ac21108200000045a0ee
:10855800106ae28c010042301200401088bf023cd1
:108568002000628c1c00648c2b2044005600805034
:1085780088bf023c006a448d06008430eeff8914ef
:1085880000000000306a058d1800648c0100462444
:10859800200066ac4010020021108200ecff0010a1
:1085a800000045a400040324541043ac00a0023c7e
:1085b800583342242000438c1c00428c2b1062004c
:1085c800b3ff405488bf023c4200001000a0023ca8
:1085d8006c334290b8ff40101400bf8f00a0023cdb
:1085e800583343240400668c58334a8c80bf053cba
:1085f8002520600080bf093c060008240500001003
:1086080080bf073c080083ac211042010000429063
:10861800206ae2ac106aa28c0002423010004014ba
:1086280088bf023c0800828c2b1846001700605057
:1086380088bf023c006a238d06006330f1ff68148e
:1086480001004324080083ac4010020021104201bd
:1086580000004294206ae2aceeff00100000000027
:1086680000080324541043ac00a0023c58334224b1
:108678000800438c0400428c2b1062008eff4014cb
:108688001400bf8f0400001000a0023c000803245f
:10869800541043ac00a0023c58334224140040a0bc
:1086a80088bf033c00080424841064ac0c00428c8e
:1086b80080ff401000a0033c09f840006833648c38
:1086c8007dff00101400bf8f00040324541043ac36
:1086d80000a0023c583342242c0040a088bf033c31
:1086e80000020424841064ac00040424841064ace4
:1086f8002400428c65ff401000a0033c09f84000ac
:0c8708008033648c62ff001088bf023ccc
:020000040000fa
:020000041d00dd
:10871400e8ffbd271400bfaf1000b0af88bf023c14
:108724005010428c080042300700401088bf023cc1
:1087340088bf023c8010428c08004230190040146b
:1087440080bf023c88bf023c5010428c1000423073
:108754000700401088bf023c88bf023c8010428c56
:10876400100042302200401400a0023c88bf023caa
:108774005010428c20004230070040101400bf8f7c
:1087840088bf023c8010428c2000423048004014d4
:1087940000a0023c1400bf8f1000b08f0800e0035b
:1087a4001800bd271062428c0e00423000a0103c1d
:1087b4008c331026300002ae88bf023c080003242c
:1087c400841043ac10000324841043acf640400fe3
:1087d4002c0000a22400028edaff401000a0033c0b
:1087e40009f84000b433648cd7ff001088bf023c02
:1087f400b8334290deff401088bf023c80bf073c84
:1088040000a0033c8c33632480bf0a3c0600092487
:108814000700001080bf083c3062058d1800648c8e
:1088240001004624200066ac21108200000045a00f
:108834001062e28c010042301200401088bf023cfa
:108844002000628c1c00648c2b2044005600805055
:1088540088bf023c0062448d06008430eeff891418
:10886400000000003062058d1800648c010046246d
:10887400200066ac4010020021108200ecff0010c2
:10888400000045a410000324541043ac00a0023c93
:108894008c3342242000438c1c00428c2b10620039
:1088a400b3ff405488bf023c4200001000a0023cc9
:1088b400a0334290b8ff40101400bf8f00a0023cc8
:1088c4008c3343240400668c8c334a8c80bf053c73
:1088d4002520600080bf093c060008240500001024
:1088e40080bf073c080083ac211042010000429085
:1088f4002062e2ac1062a28c0002423010004014ec
:1089040088bf023c0800828c2b1846001700605078
:1089140088bf023c0062238d06006330f1ff6814b7
:1089240001004324080083ac4010020021104201de
:10893400000042942062e2aceeff00100000000050
:1089440020000324541043ac00a0023c8c33422486
:108954000800438c0400428c2b1062008eff4014ec
:108964001400bf8f0400001000a0023c2000032468
:10897400541043ac00a0023c8c334224140040a0a9
:1089840088bf033c20000424841064ac0c00428c97
:1089940080ff401000a0033c09f840009c33648c25
:1089a4007dff00101400bf8f10000324541043ac4b
:1089b40000a0023c8c3342242c0040a088bf033c1e
:1089c40008000424841064ac10000424841064acf3
:1089d4002400428c65ff401000a0033c09f84000cd
:0c89e400b433648c62ff001088bf023cba
:020000040000fa
:020000041d00dd
:1089f000e8ffbd271400bfaf1000b0af88bf023c36
:108a00005010428c400042300700401088bf023caa
:108a100088bf023c8010428c400042301900401454
:108a200080bf023c88bf023c5010428c8000423024
:108a30000700401088bf023c88bf023c8010428c77
:108a4000800042302200401400a0023c88bf023c5b
:108a50005010428c00014230070040101400bf8fbc
:108a600088bf023c8010428c000142304800401414
:108a700000a0023c1400bf8f1000b08f0800e0037c
:108a80001800bd271066428c0e00423000a0103c3a
:108a9000c0331026300002ae88bf023c40000324e1
:108aa000841043ac80000324841043ac1441400f75
:108ab0002c0000a22400028edaff401000a0033c2c
:108ac00009f84000e833648cd7ff001088bf023cef
:108ad000ec334290deff401088bf023c80bf073c71
:108ae00000a0033cc033632480bf0a3c0600092475
:108af0000700001080bf083c3066058d1800648cac
:108b000001004624200066ac21108200000045a030
:108b10001066e28c010042301200401088bf023c17
:108b20002000628c1c00648c2b2044005600805076
:108b300088bf023c0066448d06008430eeff891435
:108b4000000000003066058d1800648c010046248a
:108b5000200066ac4010020021108200ecff0010e3
:108b6000000045a480000324541043ac00a0023c44
:108b7000c03342242000438c1c00428c2b10620026
:108b8000b3ff405488bf023c4200001000a0023cea
:108b9000d4334290b8ff40101400bf8f00a0023cb5
:108ba000c03343240400668cc0334a8c80bf053c2c
:108bb0002520600080bf093c060008240500001045
:108bc00080bf073c080083ac2110420100004290a6
:108bd0002066e2ac1066a28c000242301000401405
:108be00088bf023c0800828c2b184600170060509a
:108bf00088bf023c0066238d06006330f1ff6814d5
:108c000001004324080083ac4010020021104201ff
:108c1000000042942066e2aceeff0010000000006d
:108c200000010324541043ac00a0023cc033422492
:108c30000800438c0400428c2b1062008eff40140d
:108c40001400bf8f0400001000a0023c00010324a8
:108c5000541043ac00a0023cc0334224140040a096
:108c600088bf033c00010424841064ac0c00428cd7
:108c700080ff401000a0033c09f84000d033648c12
:108c80007dff00101400bf8f80000324541043acfc
:108c900000a0023cc03342242c0040a088bf033c0b
:108ca00040000424841064ac80000424841064ac6c
:108cb0002400428c65ff401000a0033c09f84000ee
:0c8cc000e833648c62ff001088bf023ca7
:020000040000fa
:020000041d00dd
:108ccc000f00a010000000000d008010000000003c
:108cdc001000c01480bf023c40000324145e43ac5f
:108cec0080bf023c105e478c2000e7301100e05042
:108cfc0080bf083c253800001700001025680000d4
:108d0c009500e010251000009300c0100a28040004
:108d1c0080bf023c40000324145e43ac80bf023c85
:108d2c00105e428c20004230080040142b68a700d3
:108d3c0080bf083c80bf033c205e028d105e628cbd
:108d4c0020004230fcff40102b68a7002310e500e8
:108d5c000a100d002568400080bf023c005e428c6a
:108d6c00000842301000401080bf023c82380700df
:108d7c008228050082680d0080bf033c105e628c67
:108d8c0008004230fdff401025580000254000002f
:108d9c002550000080bf093cff000e2480bf0c3c16
:108dac002500001080bf033c005e428c0004423062
:108dbc00f2ff401080bf033c4238070042280500f8
:108dcc00eeff001042680d00005e828d0004423000
:108ddc000700401021108a0040100a002110820068
:108dec0000004294205e22ad1d00001001004a25b7
:108dfc0000004290205e22ad1900001001004a25af
:108e0c00105e628c08004230fdff40100000000034
:108e1c00105e628c200042300700401400000000fd
:108e2c00205e228d01000825105e628c20004230ed
:108e3c00fbff40100000000027004511000000005f
:108e4c00005e828d00084230dfff401080100a0067
:108e5c00211082000000428c205e22ad01004a25c8
:108e6c00e7ff671100000000105e628c20004230aa
:108e7c00fdff401400000000205e2f8d2b106701b9
:108e8c00edff401000000000005e828d00084230b3
:108e9c000500401080100b002110c20000004face8
:108eac00e5ff001001006b25005e828d000442304e
:108ebc00060040102110cb0040100b002110c20006
:108ecc0000004fa4dcff001001006b2500004fa038
:108edc00d9ff001001006b250400a05180bf033c9a
:108eec00205e2eaddeff0010ffffad25105e628c04
:108efc0080004230fdff40102b10e50004004010b4
:108f0c002328a70080bf033c0900001080bf043c4d
:108f1c000800e00301000224205e828c0100082579
:108f2c00105e628c20004230fbff401000000000fd
:108f3c000700a81000000000105e628c2000423078
:108f4c00f5ff401000000000f9ff001000000000c9
:108f5c000800e003010002240800e0030000000008
:020000040000fa
:020000041d00dd
:108f6c00882600a0bc0a0000000000000c0000a035
:108f7c00b200000000000000000000a0040000008f
:108f8c000100000003000000be0000a0050000006e
:108f9c0000000000040100a0180000000000000008
:108fac00c40000a00800000000000000e00200a0c7
:108fbc00a823000000000000200100a0c001000058
:108fcc0000000000cc0000a00c000000000000001d
:108fdc00183400a01000000000000000bc3200a0fb
:108fec003400000000000000f03200a0340000004b
:108ffc0000000000243300a034000000000000003a
:10900c00583300a034000000000000008c3300a096
:10901c003400000000000000c03300a03400000049
:10902c0000000000d80000a00400000000000000b8
:10903c00e83100a09000000001000000ff000000db
:10904c0000000000000000000000f03f00000000e5
:10905c000080564000000000008056c00000010057
:10906c00010000000000000000409f4000000000d4
:10907c000070974000000000007087400100000065
:10908c0000000000000000000000f03fa4703d0a4a
:10909c00d77f7640a4703d0ad77f76c000000100d0
:1090ac00010000000000000000709740000000006c
:1090bc0000408f400000000000407f400101000094
:1090cc000c0000000000000001000000040000a0e3
:1090dc00050000000100000001000100ff0000007d
:1090ec00e00000a02400000000000000443100a0bb
:1090fc00a400000001000000483100a0983200a03c
:10910c0000000000983200a00900000020000000c0
:10911c00783200a000000000783200a00e0201009e
:10912c000000000000000000000000000000000033
:10913c000602020000000000000000000000000019
:10914c000000000000000000000000000000000013
:10915c000000000000000000000000000000000003
:10916c0000000000000000000000000000000000f3
:10917c0000000000000000000000000000000000e3
:10918c0000000000000000000000000000000000d3
:10919c00000000000000000000000000783200a079
:1091ac0041000000000000001c0100a004000000b1
:1091bc0000000000283400a00400000000000000a3
:1091cc00f43300a0240000000000000000000000a8
:1091dc002222222222222222222222222222222263
:020000040000fa
:020000041d00dd
:1091ec00e0ffbd271c00bfaf1800b2af1400b1af39
:1091fc001000b0af6c80828f010042246c8082af73
:10920c0025808293ff0042300900401000000000ce
:10921c0025808293ffff4224ff004230258082a3e9
:10922c0025808293ff0042306000401000a0043c77
:10923c0024808293ff00423009004010000000009f
:10924c0024808293ffff4224ff004230248082a3bb
:10925c0024808293ff0042305800401000a0043c50
:10926c005480828f04004010000000005480828fd4
:10927c00ffff4224548082af5880828f040040103c
:10928c00000000005880828fffff4224588082af7c
:10929c00a480828f01004224a48082af6080828fe0
:1092ac0001004224608082af6080828f0a004228d5
:1092bc002d00401400000000608080af5c80828f25
:1092cc00010042245c8082afcc808293ff0042304c
:1092dc003e0040140000000070808293ff0042307a
:1092ec000700401000000000a0808293ff00423075
:1092fc003a00401488bf103c8039400f0000000039
:10930c001147400f00000000898086930032060050
:10931c0000f00534ad46400f060004248980869386
:10932c0003000524ad46400f060004248980869373
:10933c004230060002000524ad46400f25200000f7
:10934c0089808693c032060000400524ad46400f4c
:10935c002520000088808693403006000e000524ee
:10936c00ad46400f020004246880828f0100422425
:10937c00688082af6880828fe80342280600401420
:10938c001c00bf8f688080af6480828f01004224f4
:10939c00648082af1c00bf8f1800b28f1400b18f95
:1093ac001000b08f0800e0032000bd27e847400ff5
:1093bc00942684249eff001000000000e847400f14
:1093cc0088268424a6ff0010000000008d2a400f80
:1093dc0000000000c0ff001000000000004012243c
:1093ec00646012ae4d47400f03000424c01102000c
:1093fc00ffff42309e8082a788bf113c686032ae6e
:10940c0000201224646012ae9e809097ffff1032f1
:10941c004d47400f030004244038427c0438107c34
:10942c00258050009e8090a7686032aeb2ff00107d
:04943c00000000002c
:020000040000fa
:020000041d00dd
:10944000e8ffbd271400bfaf89bf023c0080033492
:1094500008b043ac89bf033c00b0628c04d6027ce8
:109460000004043c2510440000b062ac25206000dc
:109470000400032400b0828c4015427cfdff43149d
:109480000200023c89bf033c83ff423410b062ac4f
:1094900000a0023c2001422400e0427c89bf033c42
:1094a00040b362ac0100023c8100442489bf033c0c
:1094b00050b364ac89bf033c90b362ac89bf033c3a
:1094c000d0b362ac89bf033c10b462ac89bf033c2b
:1094d00050b462ac89bf033c90b462ac89bf033c1a
:1094e000d0b462ac8400442489bf033c10b564aca2
:1094f00089bf033c50b562ac89bf033c90b562acf8
:1095000089bf033cd0b562ac89bf033c10b662ace6
:1095100089bf033c50b662ac89bf033c90b662acd5
:1095200089bf023c20b0033c40b143ac89bf023c40
:1095300081000324c8b043ac89bf033c40b0043c65
:1095400050b164ac00820334c8b043ac89bf033c63
:1095500060b0043c60b164ac8300033cc8b043ac71
:1095600089bf033c60b1043c70b164ac0084033c2f
:10957000c8b043ac89bf023c80b1033c80b143ac6e
:1095800089bf023c85000324d8b043ac89bf033cab
:10959000a0b1043c90b164ac00860334d8b043acb5
:1095a00089bf033c20e0043ca0b164aca800033cac
:1095b000d8b043ac89bf033c40e0043cb0b164acdc
:1095c00000a9033cd8b043ac89bf023c60e0033c37
:1095d000c0b143ac89bf023caa000324e8b043ac4d
:1095e00089bf033c60e1043cd0b164ac00ab033400
:1095f000e8b043ac89bf033c80e1043ce0b164ac1b
:10960000ac00033ce8b043ac89bf033ca0e1043ca0
:10961000f0b164ac00ad033ce8b043ac89bf023ca0
:10962000e0b1033c80b043ac89bf023ce0ff033ca7
:1096300090b043ac88bf023c0004033c781043acbc
:1096400089bf023c00b0033c28b043ac0023062491
:109650002528000000a0043c2c3c400f88038424f3
:1096600089bf033c00b0628c04d6027c00b062acbf
:1096700000b0628c4015427cfdff40141400bf8f87
:089680000800e0031800bd27fb
:020000040000fa
:020000041d00dd
:10968800204f7665722054656d702e456c65637445
:10969800726f6e6963730a002047656e6572616c4c
:1096a800204f7665722054656d700d0020706f77bd
:1096b800657220627265616b206572726f720d004f
:1096c800206f7665722074656d70206572726f7296
:1096d8000d00000020494954206d6f746f72206599
:1096e80072726f720d000000204949542073657230
:1096f800766f206472697665206572726f720d00ec
:1097080020484f4d494e472052554e206572726f82
:10971800720d00002043414e20525820436f6d6d5a
:10972800756e69636174696f6e206572726f720d10
:10973800000000002020416e676c6520456e636f55
:10974800646572205265736f6c76657220657272fb
:109758006f720d0020204c494d49545f53575f45a7
:1097680052524f520d000000204572726f722063f2
:109778006f64653a20253034780000000a436f751d
:109788006c64204e6f7420476574204572726f7246
:1097980020436f64652043414e204572722d202579
:1097a800640000000d4e6f204572726f72206f6664
:1097b80020416d706c696669657200004e6f2045c6
:1097c80072726f727320466f756e642e000000000f
:1097d8000d47657474696e672063757272656e747f
:1097e800204d6f746f7220506f736974696f6e20ab
:1097f8004661696c65642e2e000000000d4572728a
:109808003a25303858202043414e2d253264000037
:109818000d53657474696e6720486f6d65204d6fd0
:109828006465204661696c65642e2e000d5265746e
:109838003a202564204572723a2530385820204352
:10984800414e2d25326400000d53657474696e67ae
:1098580020486f6d696e67204d6574686f64204697
:1098680061696c65642e2e000d49737375696e67a6
:1098780020486f6d6520436f6d6d616e6420466191
:10988800696c65642e2e00000d526573746f7269e1
:109898006e67204d6f6465204661696c65642e2e85
:1098a800000000000a4932432054696d656f7574e1
:1098b800204572726f7220496e205043465f5254a1
:1098c80043315f47657454696d6528290000000cb1
:1098d8000a493243204572726f7220496e20504304
:1098e800465f525443315f47657454696d65282952
:1098f800000000000a4932432054696d656f757491
:10990800204572726f7220496e204d43505f525449
:1099180043315f47657454696d652829000000006c
:109928000a493243204572726f7220496e204d43b6
:10993800505f525443315f47657454696d652829f7
:10994800000000000a4932432054696d656f757440
:10995800204572726f7220496e205043465f496eef
:1099680069745f5254432829000000000a493243b1
:10997800204572726f7220496e205043465f496ecf
:1099880069745f5254432829000000000a49324391
:109998002054696d656f7574204572726f72204925
:1099a8006e205043465f525443315f536574546987
:1099b8006d652829000000000a493243204572726b
:1099c8006f7220496e205043465f525443315f53b3
:1099d800657454696d652829000000000a493243fe
:1099e8002054696d656f7574204572726f722049d5
:1099f8006e204d43505f496e69745f525443282965
:109a0800000000000a493243204572726f722049f3
:109a18006e204d43505f496e69745f525443282944
:109a2800000000000a4932432054696d656f75745f
:109a3800204572726f7220496e204d43505f525418
:109a480043315f53657454696d652829000000002f
:109a58000a493243204572726f7220496e204d4385
:109a6800505f525443315f53657454696d652829ba
:109a7800000000000a526573657474696e672049b6
:109a88003243204275732e2e000000000a46616999
:109a98006c656420746f2052657365742049324385
:089aa800204275732e2e000010
:020000040000fa
:020000041d00dd
:109ab000e0ffbd271c00bfaf1800b2af1400b1af6c
:109ac000420081041000b0af019d123c93ff822838
:109ad000238804001f004010e0af522664000224d7
:109ae0001a002202f40140000a00102410100000a5
:109af000122000001a005000f4010002120082241b
:109b0000c0100200211042020000468c0400478c65
:109b10001218000009006324c01803002118430232
:109b20000000648cd61b400f0400658c1a003002c4
:109b3000f401000210880000c08811002190510239
:109b40000000468e0400478e2520400012000010c1
:109b500025286000f6ff902813000052c0881100ed
:109b60000a0002241a002202f40140001210000030
:109b700009004224c010020010880000c0881100b3
:109b800021104202219051020000468e0400478eaf
:109b90000000448c0400458cd61b400f00000000e0
:109ba000050000101c00bf8f218851020000228e8a
:109bb0000400238e1c00bf8f1800b28f1400b18fd9
:109bc0001000b08f0800e0032000bd27019d113c6c
:109bd0006e0083281e00601490b0312664000224b9
:109be0001a008200f40140000a001224258080003f
:109bf00010100000122000001a005200f401400270
:109c000012008224c0100200211022020000468ca3
:109c10000400478c1218000009006324c0180300d8
:109c2000211823020000648cd61b400f0400658cb1
:109c30001a001202f401400210800000c0801000df
:109c4000218030020000068ebfff00100400078e46
:109c50000b00822810004014c08004000a00022477
:109c60001a008200f4014000121800000900632469
:109c7000c018030010800000c0101000211823023b
:109c8000218022020000068e0400078e0000648cf2
:109c9000c1ff00100400658c218030020000028e9c
:109ca000c4ff00100400038ee0ffbd271c00bfafff
:109cb0001800b2af1400b1af420081041000b0af81
:109cc000019d123c93ff8228238804001f0040104e
:109cd000e0af5226640002241a002202f401400080
:109ce0000a00102410100000122000001a0050007a
:109cf000f401000212008224c0100200211042026e
:109d00000000468c0400478c1218000009006324f0
:109d1000c0180300211843020000648cd61b400fba
:109d20000400658c1a003002f40100021088000063
:109d3000c0881100219051020000468e0400478e19
:109d4000252040001200001025286000f6ff902812
:109d500013000052c08811000a0002241a002202d7
:109d6000f40140001210000009004224c01002005b
:109d700010880000c0881100211042022190510279
:109d80000000468e0400478e0000448c0400458c81
:109d9000d61b400f00000000050000101c00bf8f04
:109da000218851020000228e0400238e1c00bf8fe8
:109db0001800b28f1400b18f1000b08f0800e003bc
:109dc0002000bd27019d113c6e0083281e006014f9
:109dd00090b03126640002241a008200f401400091
:109de0000a001224258080001010000012200000bc
:109df0001a005200f401400212008224c010020036
:109e0000211022020000468c0400478c121800002a
:109e100009006324c0180300211823020000648c89
:109e2000d61b400f0400658c1a001202f401400298
:109e300010800000c0801000218030020000068edb
:109e4000bfff00100400078e0b0082281000401492
:109e5000c08004000a0002241a008200f4014000bd
:109e60001218000009006324c018030010800000cd
:109e7000c010100021182302218022020000068e4b
:109e80000400078e0000648cc1ff00100400658c84
:109e9000218030020000028ec4ff00100400038ef7
:020000040000fa
:020000041d00dd
:109ea000c23d0400ff00e730c24d0500ff0029312c
:109eb00000800a3c003204002530ca000042050040
:109ec00025400a012660850024504c01ffffec2448
:109ed000fe00812d2100201000000000ffff2c2536
:109ee000fe00812d36002010000000001900c8007f
:109ef0001258000002006011103000000100c6344a
:109f00000300c0040000000040300600ffffe7240b
:109f100082ff2c252138ec00ffffec24fe00812d70
:109f20003a002010000000008000c6248000cc2ce5
:109f30002138ec000262060001008c312330cc0095
:109f40004030060042320600c06507002530cc00d4
:109f50002510ca000800e003000000000d00e01416
:109f6000000000002130c6000500c0100000000005
:109f70002058cb702338eb00d8ff00100430660166
:109f8000ff0001241f002111000000001500001037
:109f9000000000002160c6001a00801500000000cb
:109fa0000400201500000000216008011500801148
:109fb00000000000ff0001240f0021150000000038
:109fc0000a002015000000002140080105000011d2
:109fd0000000000020580b7123482b01c3ff001024
:109fe00004406801dbff001025100a002160080111
:109ff0000400801500000000807f013cd5ff0010a8
:10a0000025104101d3ff0010c0ff023cfaffe01c05
:10a010000000000001000b24235867012000612d7f
:10a02000f0ff20100000000020000c2423608b01b2
:10a03000043886010200e010063066010200c634d2
:10a04000000007248000cc24b7ff81050000000039
:0ca05000b5ff0010010007240000000014
:020000040000fa
:020000041d00dd
:10a05c00b8ffbd274400bfaf4000b1af3c00b0af6c
:10a06c00258080002588a0001800a0a33400a0af94
:10a07c00ce46400f1c0084901c00a0af2000a0af67
:10a08c002400a0af2800a0af308080af080002925f
:10a09c002d0040501c0006920700062402000524e7
:10a0ac00019d043cff46400fb80584241b00205240
:10a0bc00000004921000a0af070007240400068ed5
:10a0cc0008000592a12e400f25200000320002242a
:10a0dc00588082af03000324040004243080828f54
:10a0ec0017004310000000003080828f14004410d1
:10a0fc00000000005880828ff8ff40140000000020
:10a10c00019d043cf245400f600a842405000224a2
:10a11c00308082af330000102510000001000224b3
:10a12c001000a2af070007240400068e0800059259
:10a13c00a12e400f00078424e5ff001032000224fa
:10a14c00308080af1c00069201000524019d043c68
:10a15c00ff46400fb80584243400a2271400a2af98
:10a16c001c0002921000a2af3000a7271c00a627eb
:10a17c001800a527502c400f2c00a4272800028e75
:10a18c00588082af03000324060004243080828fa1
:10a19c000e004350140003923080828f0b00445009
:10a1ac00140003925880828ff8ff401400000000c6
:10a1bc00019d043cf245400f740a842405000224de
:10a1cc00308082af07000010251000001800a29309
:10a1dc00090062101c00a29308000224308082af98
:10a1ec00251000004400bf8f4000b18f3c00b08fa1
:10a1fc000800e0034800bd27240002ae308080af89
:08a20c00f8ff0010010002241c
:020000040000fa
:020000041d00dd
:10a214000055a27cffff4724fe07e72cc24f050030
:10a224001800e0100098a37c1000053c01fc4224b7
:10a234002518650021304600c04003004217040081
:10a24400ff03c72425404800c05004001500e0184f
:10a25400c02a0900ff07e2283100401000e0637cb7
:10a264000005627c04004050002d05000098637cca
:10a274002528a700002d0500251080000800e00314
:10a284002518a30005004014251080002510640043
:10a294002900401400000000251080000800e0039d
:10a2a4002518a00001000324233867003800e228a1
:10a2b4001f00401025200000271807004010080048
:10a2c40004106200fe03c6240618ea002000e430ed
:10a2d400251843000638e8002000c9300b18e400b4
:10a2e4000410ca00030020150b3804000430c80011
:10a2f4002510ca002b20020025208300070082308d
:10a304001e004014c000827c40170700c2200400d5
:10a31400c218070025204400d1ff001001000724c3
:10a32400ff07a334001d03000800e003251000000c
:10a33400d0ff001025180000030060142010627084
:10a344002010827020004224f5ff422427380200a6
:10a35400422804000628e500041843002000483081
:10a36400042044002518a30002fc07240b188800cd
:10a374002310e200afff00100b200800030042246a
:10a38400212044002b108200211847000006627c23
:10a394000600401000170300022104002520440099
:10a3a40002190300aeff0010020007244017030047
:10a3b400c220040025204400c2180300a8ff001096
:04a3c4000100072469
:020000040000fa
:020000041d00dd
:10a3c8002510000000a0083ca400082500a0073cb8
:10a3d800b400e72400a0063cac00c624050009240c
:10a3e800212002012118e2002128c2000000639008
:10a3f8000000a5902518650001004224f8ff4914c3
:10a40800000083a000a0023c00a0033cb4006490bc
:10a41800ac0044a0ac004224b40063240100649062
:10a42800010044a002006490020044a0030064906c
:10a43800030044a004006390040043a0a88080aff8
:10a4480000a00b3ca4006b25253800002540000027
:10a4580025480000252000000800062401000a24e1
:10a468000f00001028000c24010042240a00465066
:10a478000800e7240718450001006330fbff60541b
:10a48800010042242148470001008424ff00843051
:10a49800f5ff0010254040010400ec1001006b2579
:10a4a80000006591f3ff0010251000000100005521
:10a4b800a88089af01000224050082100000000076
:10a4c80001008050b08080af0800e0030000000069
:10a4d800b080828f01004224b08082afb080838f29
:10a4e8006666023c6766422418006200101000008d
:10a4f80043100200c32703002310440080200200f9
:10a5080021108200ffff6324efff62140100022480
:10a51800cd8082a3a48080afa880828fac8082afd8
:10a52800b080838f65006328070060140000000076
:10a5380000024234a88082afa880828fac8082afac
:10a548000800e00300000000b080838f2800632823
:10a55800faff6054a880828f00014234f6ff001091
:04a56800a88082af96
:020000040000fa
:020000041d00dd
:10a56c0025408500030008310300001125108000f0
:10a57c00380000100000aa900000aa8c0101093cd0
:10a58c0001012935c07909002340490124400f01fc
:10a59c000700001124600a0105008811000000006a
:10a5ac000000a5240000aa902a00001000008424ba
:10a5bc000400ab8c00008aac2340690124400f01dd
:10a5cc000700001124600b01050088110000000039
:10a5dc000400a5240000aa901e000010040084248e
:10a5ec000800aa8c04008bac2340490124400f01c5
:10a5fc000700001124600a0105008811000000000a
:10a60c000800a5240000aa90120000100800842461
:10a61c000c00ab8c08008aac2340690124400f016c
:10a62c000700001124600b010500881100000000d8
:10a63c000c00a5240000aa90060000100c00842435
:10a64c001000aa8c0c008bac10008424ceff0010e0
:10a65c001000a5240300401500008aa00800e003a8
:10a66c00000000000100ab900300601501008ba0fe
:10a67c000800e003000000000200aa90030040154f
:10a68c0002008aa00800e003000000000300ab9069
:10a69c000300601503008ba00800e003000000001d
:10a6ac000400aa900300401504008aa00800e003ef
:10a6bc00000000000500ab900300601505008ba0a6
:10a6cc000800e003000000000600aa9003004015fb
:10a6dc0006008aa00800e003000000000700ab9011
:10a6ec000300601507008ba00800e00300000000c9
:10a6fc000800aa9008008424d6ff00100800a524a6
:020000040000fa
:020000041d00dd
:10a70c00c0ffbd273c00bfaf3800beaf3400b7afb1
:10a71c003000b6af2c00b5af2800b4af2400b3aff7
:10a72c002000b2af1c00b1af1800b0af4000a4af16
:10a73c004400a5af25b0c0002590000000a0153c3a
:10a74c003428b02600a0023c3429572400a0023c37
:10a75c0038285e240400c2241000a2af7144400fbc
:10a76c004000a48f530003243428a3a2003c547c43
:10a77c00010014a2003a537c020013a2ff005130d6
:10a78c00030011a204000624252800027e40400f7d
:10a79c002520e002ac45400f00000000fdff4014f6
:10a7ac0082ff02243428a2a2010014a2020013a2e8
:10a7bc00030011a22530c0024400a58f442b400f8a
:10a7cc002520c0031000a68f252800027e40400fd4
:10a7dc002520e002ac45400f00000000fdff4014b6
:10a7ec00600002243428a2a2010014a2020013a2c9
:10a7fc00030011a204000624252800027e40400f0d
:10a80c002520e002ac45400f00000000fdff401485
:10a81c00000000009e45400f0000000006004014a0
:10a82c002588400003000224080042120100522631
:10a83c00caff0010ff0052321100401625284002ba
:10a84c007480828f01004224748082af2510200214
:10a85c003c00bf8f3800be8f3400b78f3000b68fee
:10a86c002c00b58f2800b48f2400b38f2000b28f3a
:10a87c001c00b18f1800b08f0800e0034000bd270a
:10a88c00019d043ce445400f70198424d846400fc8
:0ca89c00f4010424eeff0010251020023f
:020000040000fa
:020000041d00dd
:10a8a800c8ffbd273400bfaf3000b4af2c00b3af32
:10a8b8002800b2af2400b1af2000b0af25808000df
:10a8c8001344400f1800a5273e0040101800a29717
:10a8d8006f004230270003243b00435025880000c6
:10a8e800d33a400f25200002370040142588400045
:10a8f800f9ff14261400b4af070002241000a2af19
:10a90800020007242530000040600524e035400f90
:10a91800252000022c004050010011246c80928fe9
:10a92800230013241800a5271344400f25200002f4
:10a9380025004050010011246c80828f23105200a2
:10a94800f5014228330040101800a2976f004230ea
:10a95800f5ff53141800a5271400b4af0f00022404
:10a968001000a2af02000724253000004060052433
:10a97800e035400f2520000213004050010011244b
:10a988006c80928f270013241800a5271344400fca
:10a99800252000020c004050010011246c80828f99
:10a9a80023105200f5014228140040101800a29705
:10a9b8006f004330f5ff73141800a527020000103c
:10a9c800268082a701001124251020023400bf8fa1
:10a9d8003000b48f2c00b38f2800b28f2400b18fc1
:10a9e8002000b08f0800e0033800bd27f6ff0010f4
:10a9f80001001124f4ff001001001124268082a711
:10aa0800019d043cf245400fc0108424eeff001065
:10aa180002001124268082a7019d043cf245400fc4
:0caa2800d0108424e8ff0010020011246c
:020000040000fa
:020000041d00dd
:10aa3400c8ffbd273400bfaf3000b7af2c00b6af9e
:10aa44002800b5af2400b4af2000b3af1c00b2aff0
:10aa54001800b1af1400b0af88bf143c0008132431
:10aa6400646093ae88bf173c100012242860f2aed5
:10aa74000b45400f010004244d47400f03000424fc
:10aa840000a0103c4210020027100200f0ff112425
:10aa940025105100b40002a24d47400f03000424c6
:10aaa40042100200f00042309c8082a388bf153c13
:10aab4002460b2ae200012242860f2ae0b45400f91
:10aac400010004244d47400f03000424b400102661
:10aad400421002002710020025105100010002a2ba
:10aae4002460b2ae400012242860f2ae0b45400f41
:10aaf400010004244d47400f0300042442100200c7
:10ab04002710020025105100020002a22460b2aef8
:10ab1400800016242860f6ae0b45400f0100042483
:10ab24004d47400f03000424421002002710020086
:10ab340025105100030002a22460b6ae88bf153c64
:10ab44006860b2ae0b45400f010004244d47400f2e
:10ab540003000424421002002710020025105100b3
:10ab6400040002a2646092ae6860b3aef228400fa3
:10ab7400000000003400bf8f3000b78f2c00b68f68
:10ab84002800b58f2400b48f2000b38f1c00b28f2f
:10ab94001800b18f1400b08f0800e0033800bd27ff
:020000040000fa
:020000041d00dd
:10aba400d0ffbd272c00bfaf2800b2af2400b1af47
:10abb4002000b0af258880002590a000f9ff9024e4
:10abc4001800a2271400a2af1000b0af020007249f
:10abd40025300000a137400f4060052408004014d0
:10abe40001000324251060002c00bf8f2800b28fc1
:10abf4002400b18f2000b08f0800e0033000bd278f
:10ac04001800a28f0421027c1800a2af1400b0af78
:10ac14001000a2af02000724253000004060052484
:10ac2400e035400f25202002eeff401001000324f0
:10ac3400300040121800a28f200042341800a2af46
:10ac44001400b0af1000a2af0200072425300000aa
:10ac540040600524e035400f25202002e1ff40102c
:10ac6400010003241800a28f100042341800a2af80
:10ac74001400b0af1000a2af02000724253000007a
:10ac840040600524e035400f25202002d5ff401008
:10ac940001000324b846400f000000002590400046
:10aca4001c00a2271400a2af1000b0af02000724ba
:10acb4002530000041600524a137400f25202002e3
:10acc4000e0040101c00a28fb846400f268082a7b9
:10acd40023105200c900422c0a0040101c00a28f0d
:10ace40000104230efff40101c00a227bdff0010ef
:10acf40025180000d1ff00104429027cb9ff001080
:0cad040001000324b7ff0010020003242c
:020000040000fa
:020000041d00dd
:10ad1000251080005600c0100c00ca2c4d004015b4
:10ad20002618a400030063302338040029006010b3
:10ad30000300e7300600e0102330c7000000a398ae
:10ad40000300a3882128a700000083b821208700e2
:10ad50000f00c3302338c3001100e010253060001d
:10ad60002138e5000000a3980300a3880400a898f8
:10ad70000700a8880800a9980b00a9880c00aa98c9
:10ad80000f00aa88000083ac040088ac080089acde
:10ad90001000a52410008424f2ffa714fcff8aac45
:10ada0000300c3302338c3002a00e01025306000c0
:10adb0002138e5000000a3980300a3880400a5241f
:10adc00004008424fbffa714fcff83ac21000010c7
:10add000000000000500e0102330c7000000a39829
:10ade0002128a700000083b8212087000f00c3306e
:10adf0002338c3000d00e010253060002138e50045
:10ae00000000a38c0400a88c0800a98c0c00aa8c5c
:10ae1000000083ac040088ac080089ac1000a524b5
:10ae200010008424f6ffa714fcff8aac0300c33093
:10ae30002338c3000700e010253060002138e5000a
:10ae40000000a38c0400a52404008424fcffa714a4
:10ae5000fcff83ac0600c0102138c5000000a390a1
:10ae60000100a52401008424fcffa714ffff83a098
:10ae70000800e0030000000000008a902510800018
:10ae800003004015000000000800e0030000022459
:10ae900001008a9003004015000000000800e00354
:10aea0000100022402008a90030040150000000007
:10aeb0000800e0030200022403008a90030040150a
:10aec000822004000800e00303000224010084241f
:10aed0008020040000008a8c0101093c0101293511
:10aee000c07909002340490124400f0106000011e8
:10aef00024600a01040088110000000000008a900c
:10af0000220000100000842404008b8c234069017f
:10af100024400f010600001124600b010400881179
:10af20000000000004008a9018000010040084242f
:10af300008008a8c2340490124400f0106000011bb
:10af400024600a01040088110000000008008a90b3
:10af50000e000010080084240c008b8c2340690133
:10af600024400f010600001124600b010400881129
:10af7000000000000c008a90040000100c008424e3
:10af800010008a8cd7ff00101000842404004015a4
:10af900000000000000084240800e0032310820069
:10afa00001008a9004004015000000000100842484
:10afb0000800e0032310820002008a90040040157c
:10afc00000000000020084240800e0032310820037
:10afd00003008a90030084240800e0032310820009
:020000040000fa
:020000041d00dd
:10afe000000000000000f03f9a9999999999b93fa3
:10aff0007b14ae47e17a843ffca9f1d24d62503f09
:10b000002d431cebe2361a3ff168e388b5f8e43ec5
:10b010008dedb5a0f7c6b03e48afbc9af2d77a3ee8
:10b020003a8c30e28e79453e95d626e80b2e113ebd
:10b03000bbbdd7d9df7cdb3d2342920ca19cc73b33
:10b04000a0c2ebfe4b48b4399c577727266ca1373a
:10b050001fb8d44a7aee8d3526a6acaa04b6793349
:10b060009d358f1de915663123614d17acf8522fc0
:10b070006f0e9984d94b402d30058ee42eff2b2b7b
:10b08000acf74e15927e681659f3f8c21f6ea501f3
:10b09000000000000000f03f00000000000024401d
:10b0a00000000000000059400000000000408f40f8
:10b0b000000000000088c34000000000006af84063
:10b0c0000000000080842e4100000000d012634187
:10b0d0000000000084d797410000000065cdcd41fd
:10b0e000000000205fa00242408cb5781daf1544df
:10b0f000ea8ca039593e2946a55cc3f129633d4835
:10b100009a647ec50e1b514a44f3c2e4e4e9634ce1
:10b110003dc7ddd6ba2e774e5ffbf051effc8a506b
:10b12000c75929090f6b9f527dc39425ad49b2546d
:10b130005a62d7d718e774699c7500883ce4377e5b
:020000040000fa
:020000041d00dd
:10b140001000ac930e00822d420040100000000061
:10b150004200c010000000004200a01000000000eb
:10b160004200801080690c0089bf023c50b3422429
:10b1700021104d0000004a8c80100c0000a0033c00
:10b18000e00263242110430000004b8c0100623177
:10b190003a00401000244a7d2540000001000225ad
:10b1a0002a004811ff0042301f00493006182b01c9
:10b1b00001006330f9ff60142540400080180c0046
:10b1c00000a0083ce00208252118680001000824be
:10b1d0000448280125582b012b5042012500401519
:10b1e00000006bac80180200214062008040080023
:10b1f00080480c0021502c01c0510a0021400a0156
:10b2000000a00a3c88034a2521400a01000004ad41
:10b21000040006ad080005ad0c0007ad1400a38fb7
:10b22000100003ad89bf023c68b3422421684d0081
:10b230000100023c0000a2ad89bf023c0200033cb9
:10b2400028b043ac0800e003010002240800e0033a
:10b25000251000000800e003251000000800e003ae
:10b26000251000000800e003251000000800e0039e
:10b27000251000000800e0032510000080100c00dd
:10b2800000a0033ce00263242110430001006b3561
:0cb2900000004bacd3ff001025100000a4
:020000040000fa
:020000041d00dd
:10b29c00d8ffbd272400bfaf2000b2af1c00b1af58
:10b2ac001800b0af258880003944400f1000a52746
:10b2bc001d00401006000524753a400f2520200281
:10b2cc0029004014258040000e46400f2520200206
:10b2dc003000401025804000da2f400f252020023e
:10b2ec0036004014259040001000a593753a400f8d
:10b2fc00252020021500401025884000019d043cab
:10b30c00e445400f909884243080878f2680869760
:10b31c0025282002019d043ce445400f34988424e8
:10b32c000a0000102580000025804000019d043c8f
:10b33c00e445400fd89784243080868f26808597eb
:10b34c00019d043ce445400f049884242510000220
:10b35c002400bf8f2000b28f1c00b18f1800b08f5b
:10b36c000800e0032800bd27019d043ce445400f84
:10b37c00189884243080878f268086972528000291
:10b38c00019d043ce445400f34988424efff0010e9
:10b39c0025800000019d043ce445400f5098842416
:10b3ac003080868f26808597019d043ce445400fb4
:10b3bc0004988424e6ff001025100002019d043c33
:10b3cc00e445400f709884243080878f26808697c0
:10b3dc0025284002019d043ce445400f3498842408
:08b3ec00daff001025800000cb
:020000040000fa
:020000041d00dd
:10b3f400c8ffbd273400bfaf3000b2af2c00b1afdf
:10b404002800b0af25908000b846400f1a00a0a3d2
:10b414001c00a2af108080af020002241000a2af73
:10b424001800a727010006241a00a527693e400f2b
:10b434004800042402001024010011241080828f8b
:10b4440014005010000000001080828f1100511071
:10b4540000000000b846400f000000001c00a38f4d
:10b46400231043002000a2af2000a28f1500422c1d
:10b47400f2ff401400000000019d043cf245400f1f
:10b484007c11842403000224108082af0a0000107f
:10b49400251000001080838f010002240c0062102c
:10b4a400019d043cf245400fa011842403000224b2
:10b4b400108082af251000003400bf8f3000b28f9f
:10b4c4002c00b18f2800b08f0800e0033800bd279e
:10b4d4001800a493002204001900a29321208200e2
:10b4e40003210400000882280f004014000000001b
:10b4f400001002241243400f23204400019d033c0a
:10b50400ac0f658ca827400f252040000080033c29
:10b5140026104300000042ae03000224108082afd4
:10b52400e5ff0010010002241243400f0000000058
:10b53400019d033cac0f658ca827400f25204000db
:08b54400f5ff0010000042ae0b
:020000040000fa
:020000041d00dd
:10b54c00e0ffbd271c00bfaf1800b2af1400b1afb5
:10b55c001000b0af258880002590a0002a2a400f4b
:10b56c002580c00008004010251800002510600040
:10b57c001c00bf8f1800b28f1400b18f1000b08f59
:10b58c000800e0032000bd2725284002753a400f33
:10b59c00252020023b0040140100022400000392ed
:10b5ac002300621001000524a744400f252020022f
:10b5bc00eeff4014251800002400029223004010d6
:10b5cc00253000023000048eb63d400f3400058e4d
:10b5dc000100032422004312252840006645400f39
:10b5ec0025202002e1ff40142518000024000292bf
:10b5fc001f004010253000023000048e923d400f99
:10b60c003400058e25804000252800029045400f0f
:10b61c0025202002d5ff4014251800002528000203
:10b62c008245400f25202002d0ff00100100432c42
:10b63c0025280000a744400f25202002dfff4050a2
:10b64c0024000292c9ff0010251800003000048e5f
:10b65c00023c400f3400058edeff00100100032475
:10b66c007445400f25202002deff00100000000072
:10b67c003000048ed83b400f3400058ee2ff0010e2
:10b68c0025804000b9ff001025180000b7ff0010fe
:04b69c00251800006d
:020000040000fa
:020000041d00dd
:10b6a000d8ffbd272000b4af00a0143c0c34828e1c
:10b6b0002400bfaf1c00b3af1800b2af1400b1af8d
:10b6c0002e0040141000b0af00a0123c1434518e74
:10b6d0000300201600a0133c00a0113c303431269a
:10b6e0001034708e06000016821f110000a0103c5e
:10b6f0000000023c30341026000242242180020265
:10b70000020002240100625000e0317e821f10001e
:10b71000020002240100625000e0107ec346400f88
:10b72000000000000000438c0400428c2b20230208
:10b7300004008014211062002b2022022900805472
:10b740002b18110200a0043c0401842400e0847c36
:10b750002b206400090080142b20030205008014b4
:10b760002b2062002b2002020c00805425100002c6
:10b770002b2062000a00801400a0043c2400bf8f2c
:10b780002000b48f1c00b38f1800b28f1400b18f4b
:10b790001000b08f0800e0032800bd2700a0043c83
:10b7a00004018424422704000500052409008514af
:10b7b0000400052400a0043c251864002510440062
:10b7c000143443ae103462ae1434428eebff0010da
:10b7d0000c3482aefcff8554143442aef6ff0010e8
:10b7e0000080043cedff601425182002deff0010ed
:04b7f0002b20020206
:020000040000fa
:020000041d00dd
:10b7f400d0ffbd272c00bfaf2800b5af2400b4afe5
:10b804002000b3af1c00b2af1800b1af1400b0af4a
:10b81400258880002580a0002590c0001000d48ccd
:10b824001400d38c253080002538a0002520800208
:10b834002530400f25286002000043280b8883022e
:10b844000b8063021800548e1c00538e2530200296
:10b8540025380002252080022530400f252860026b
:10b86400010043280a8883020a806302253000000d
:10b8740025380000252020022530400f252800020d
:10b884002a00400401001324c944400f2000448ec0
:10b894000800468e0c00478e25204000d61b400f22
:10b8a400252860002530200225380002252040008c
:10b8b400d61b400f2528600025a0400025a8600065
:10b8c4005041400f252060022580400025886000fb
:10b8d400019d023c381e468c3c1e478c252080026c
:10b8e4007e15400f2528a002253040002538600031
:10b8f40025200002d61b400f2528200225204000c9
:10b904008c3e400f252860002c00bf8f2800b58f87
:10b914002400b48f2000b38f1c00b28f1800b18fa5
:10b924001400b08f0800e0033000bd270080023c03
:0cb9340026800202d4ff0010ffff132445
:020000040000fa
:020000041d00dd
:10b94000b8ffbd274400bfaf4000b7af3c00b6af63
:10b950003800b5af3400b4af3000b3af2c00b2af95
:10b960002800b1af2400b0af25b880000800122431
:10b970002598000002001124019d143cf40d94262a
:10b9800009000010080016241080838f0100022493
:10b990002e0062102110f3020100522678000224ca
:10b9a0003500421203000224b846400fff00553212
:10b9b0001400a2af108080af010006241000a5275c
:10b9c000d13e400fffff4432010010241080828fcf
:10b9d000edff5110000000001080828feaff501030
:10b9e00000000000b846400f000000001400a38fc4
:10b9f000231043001800a2af1800a38f1500632c7a
:10ba0000f2ff6014ff004532019d043ce445400f05
:10ba1000b80d842403000224108082afff0062323c
:10ba20004400bf8f4000b78f3c00b68f3800b58f01
:10ba30003400b48f3000b38f2c00b28f2800b18f48
:10ba40002400b08f0800e0034800bd27000055a087
:10ba500025284002e445400f25208002010073267e
:10ba6000ceff76160100522603000224108082af1a
:10ba7000ebff001008000224108082afe8ff0010e6
:04ba8000ff0062322f
:020000040000fa
:020000041d00dd
:10ba84000e00e22c49004010000000004900c010e4
:10ba94008039070089bf023c60b34224211047006b
:10baa4000000438c00046330430060102510000044
:10bab40089bf023c70b34224211047000000488c27
:10bac40000a0023c254002010008822c32004054b0
:10bad400000004ad8054827c000002ad802204008a
:10bae400ff0f023c00fc4234242082000010023c80
:10baf40025208200040004ad010002241000a38f5d
:10bb0400270062500400028d0900a22c0200401498
:10bb14002548a00008000924ff0029310400028df3
:10bb2400251049000b00a010040002ad25100000f0
:10bb34002118c2000000649021180201080064a0ca
:10bb440001004224ff0043302b186900f9ff601400
:10bb54002118c20089bf023c68b342242110470067
:10bb64000001033c000043ac89bf023c58b34224ab
:10bb740021384700002002240000e2ac080002241f
:10bb84000000e2ac89bf023c0100033c28b043ac96
:10bb94000800e00301000224d7ff0010040000adf8
:10bba40000024234ebff0010040002ad0800e00381
:10bbb40025100000251000000800e003000000002c
:020000040000fa
:020000041d00dd
:10bbc400d8ffbd271800b1af6e00822c019d113c37
:10bbd4002400bfaf2000b3af1c00b2af1400b0af5d
:10bbe400e0af31262d004014019d033c6400132472
:10bbf4001b009300f401600225808000b01b668c5a
:10bc0400b41b678c0a001224121000001200422494
:10bc1400c0100200211022020000448c0400458c54
:10bc2400d61b400f109800001b007202f401400262
:10bc34002520400025286000129800000900732682
:10bc4400c0981300219833020000668ed61b400f63
:10bc54000400678e1b001202f401400210800000f1
:10bc6400c0801000218830020000268e0400278e38
:10bc74002520400025286000d61b400f000000004e
:10bc84002400bf8f2000b38f1c00b28f1800b18f27
:10bc94001400b08f0800e0032800bd270b00822c9d
:10bca40010004054c08004000a0002241b008200db
:10bcb400f4014000b01b668cb41b678c12100000aa
:10bcc40009004224c0100200211022020000448c0a
:10bcd4000400458cd61b400f10800000e1ff0010cb
:10bce400c080100021803002b01b668cb41b678cae
:0cbcf4000000048ee0ff00100400058e2c
:020000040000fa
:020000041d00dd
:10bd00000d44415441464c415348204d454d4f52fe
:10bd100059204641494c2028425553592900000cce
:10bd20000d466c617368205065725061676520250f
:10bd30006420436170202530345800000d466f7533
:10bd40006e642025642044657669636573206f6e98
:10bd500020493243202d20253032582c25303258ae
:10bd6000000000000d544d5031303735204e4f54f7
:10bd700020466f756e642e2e000000000d544d504d
:10bd80003130373520466f756e642e2e000000006e
:10bd90000d556e6b6e6f776e204465766963652016
:10bda000466f756e642e2e2025303258204066690d
:10bdb00072737420706c6163650000000d5254430f
:10bdc00020504346383578363320466f756e642ee2
:10bdd0002e0000000d525443204d4350373934306b
:10bde00020466f756e642e2e000000000d556e6ba0
:10bdf0006e6f776e2044657669636520466f756e59
:10be0000642e2e25303258204020326e6420706c13
:10be1000616365000d493243204275732050726f93
:10be2000626c656d2e2e00000d4932432042757301
:08be3000204f4b2e2e000000f4
:020000040000fa
:020000041d00dd
:10be3800d0ffbd272c00bfaf2800b2af2400b1afa0
:10be48002000b0af258880002590c000f9ff90241d
:10be58001400b0af1000a5af04000724253000007f
:10be6800e035400f7a6005240800401401000324df
:10be7800251060002c00bf8f2800b28f2400b18fde
:10be88002000b08f0800e0033000bd271800a2276b
:10be98001400a2af1000b0af020007242530000044
:10bea80040600524a137400f25202002f0ff4010f4
:10beb80001000324240040121800a28f40004234dd
:10bec8001800a2af1400b0af1000a2af0200072400
:10bed8002530000040600524e035400f2520200271
:10bee800e3ff401001000324b846400f00000000a3
:10bef800259040001c00a2271400a2af1000b0af8c
:10bf0800020007242530000041600524a137400fb6
:10bf1800252020020e0040101c00a28fb846400fba
:10bf2800268082a723105200f501422c0a004010f7
:10bf38001c00a28f00044230efff40101c00a22713
:10bf4800cbff001025180000ddff00108431027cb3
:10bf5800c7ff001001000324c5ff001002000324de
:020000040000fa
:020000041d00dd
:10bf6800d0ffbd272c00bfaf2800b2af2400b1af6f
:10bf78002000b0af25888000f9ff90241800a22780
:10bf88001400a2af1000b0af020007242530000053
:10bf9800a137400f40600524080040140100032425
:10bfa800251060002c00bf8f2800b28f2400b18fad
:10bfb8002000b08f0800e0033000bd271800a28fd2
:10bfc8000421027c1800a2af1400b0af1000a2af89
:10bfd800020007242530000040600524e035400faa
:10bfe80025202002eeff4010010003241800a28f34
:10bff800100042341800a2af1400b0af1000a2af76
:10c00800020007242530000040600524e035400f79
:10c0180025202002e2ff401001000324b846400f0b
:10c0280000000000259040001c00a2271400a2afc9
:10c038001000b0af0200072425300000416005243d
:10c04800a137400f252020020c0040101c00a28fb1
:10c05800b846400f268082a723105200c900422c00
:10c06800080040101c00a28f00104230efff401063
:10c078001c00a227caff001025180000c8ff0010e6
:0cc0880001000324c6ff00100200032486
:020000040000fa
:020000041d00dd
:10c09400feff09244050050040580700255864015c
:10c0a4002558660125504b0103004015000000008f
:10c0b4003c000010000002240200801040400500f3
:10c0c40001000825e0ff013c010021342b08010197
:10c0d40037002010000000000200c010404007009c
:10c0e40001000825e0ff013c010021342b08010177
:10c0f4002f002010000000001600a1040000000022
:10c104000300e0040000000026000010ffff0224ea
:10c114002b508600232086002b58aa002328aa002f
:10c124002b50a70025504b01030040112328a700e2
:10c134001c000010010002242550a400030040113b
:10c144000000000017000010ffff0224150000107b
:10c15400000002240300e1040000000011000010ac
:10c16400010002242b508600232086002b58aa00ad
:10c174002328aa002b50a70025504b01030040118f
:10c184002328a70007000010ffff02242550a40065
:10c19400030040110000000002000010010002240e
:10c1a400000002240800e00300000000000000007a
:0cc1b400fcff0010251009000000000036
:020000040000fa
:020000041d00dd
:10c1c000c0ffbd273c00bfaf3800b2af3400b1aff5
:10c1d0003000b0af2590800004000224b846400f24
:10c1e0002000a2a31800a2af108080af0700022495
:10c1f0001000a2af2400a727010006242000a527d5
:10c20000693e400f51000424020010240100112453
:10c210001080828f14005010000000001080828f68
:10c220001100511000000000b846400f000000004f
:10c230001800a38f231043001c00a2af1c00a28f84
:10c240001500422cf2ff401400000000019d043c48
:10c25000f245400fac98842403000224108082af82
:10c2600015000010251000001080838f01000224ab
:10c2700017006214019d043c2400a2937f00423009
:10c28000000042a22500a293010042a22600a29330
:10c29000020042a22700a293040042a22800a29317
:10c2a000030042a22900a293050042a22a00a29301
:10c2b000060042a2010002243c00bf8f3800b28f6a
:10c2c0003400b18f3000b08f0800e0034000bd277c
:10c2d000f245400fd898842403000224108082afd6
:08c2e000f5ff0010251000001d
:020000040000fa
:020000041d00dd
:10c2e800c0ffbd273c00bfaf3800b2af3400b1afcc
:10c2f8003000b0af25908000b846400f1800a0a3ca
:10c308002400a2af108080af070002241000a2af63
:10c318001c00a727010006241800a527693e400f26
:10c328006f00042402001024010011241080828f61
:10c3380014005010000000001080828f110051106e
:10c3480000000000b846400f000000002400a38f42
:10c35800231043002800a2af2800a28f1500422c0a
:10c36800f2ff401400000000019d043cf245400f1c
:10c37800fc98842403000224108082af1600001069
:10c38800251000001080838f010002241800621419
:10c39800019d043c1c00a2937f004230000042a291
:10c3a8001d00a293010042a21e00a293020042a215
:10c3b8001f00a293030042a22000a293040042a2fd
:10c3c8002100a2931f004230050042a22200a2933e
:10c3d800060042a2010002243c00bf8f3800b28f41
:10c3e8003400b18f3000b08f0800e0034000bd2753
:10c3f800f245400f2899842403000224108082af5c
:08c40800f5ff001025100000f3
:020000040000fa
:020000041d00dd
:10c410000c00a294e0ffbd271800b2af0200433029
:10c420001c00bfaf1400b1af1000b0af3b006010f4
:10c43000ffff1224000246300300c0140400a38c46
:10c44000370060141c00bf8f000246340c00a6a405
:10c4500003006014ff0092300800a38c0000a3ac1e
:10c460000a0003242580a0000600431625888000ca
:10c4700080004230040040540400028e0431400f1a
:10c480000d0004240400028e1000038e20004310cf
:10c490002024117c01004224040002ae0000028e20
:10c4a00001004324000003ae000044a00100032467
:10c4b00000a0023cb83243a00a0002241800421631
:10c4c0001c00bf8f0c000296000142301500401086
:10c4d000251040020400068e0800058e9943400f87
:10c4e0000e0004960400038e060043500800028ede
:10c4f0000c000296ffff1224300042340c0002a60a
:10c500000800028e040000ae04000010000002ae1d
:10c510002336400f25280002259040001c00bf8fc5
:10c52000251040021400b18f1800b28f1000b08f98
:08c530000800e0032000bd2714
:020000040000fa
:020000041d00dd
:10c53800d8ffbd272400bfaf2000b3af1c00b2afa7
:10c548001800b1af1400b0af019d043cf245400f94
:10c558007c9a842480bf023c00800334045443ac9a
:10c5680088bf023c04000324046043ac0800102484
:10c57800046050ac88bf023c286043ac286050acd3
:10c58800d743400f0000000088bf023c086050ac51
:10c598004d47400f25200000c000427c1600401483
:10c5a8000900102488bf133c0400112488bf123ce2
:10c5b800646071ae0b45400f14000424286051ae2e
:10c5c8004d47400f2520000008004230030040106e
:10c5d800ffff1026f6ff0016000000004d47400f31
:10c5e80025200000c000427c10004010019d043c42
:10c5f800d743400f0000000080bf023c0080033496
:10c60800085443ace242400f00000000010002243d
:10c618002400bf8f2000b38f1c00b28f1800b18f89
:10c628001400b08f0800e0032800bd27f245400f32
:10c63800949a842480bf023c00800334085443ac9d
:10c64800e242400f00000000f1ff0010251000003a
:020000040000fa
:020000041d00dd
:10c65800e8ffbd271400bfaf1000b0af00a0043c36
:10c66800502e400f7000842437004050019d043c38
:10c6780000a0103c7000032601006790700006922d
:10c6880025284000019d043ce445400f3cbd84241e
:10c6980070000592510002240a00a2106f000224c3
:10c6a8000800a210480002241a00a250019d043c70
:10c6b800019d043ce445400f90bd84240a0000100d
:10c6c80000a0023c019d043ce445400f64bd842465
:10c6d80000a0023c7000432470004490010064a054
:10c6e800700040a000a0023c710045905100022457
:10c6f8000c00a2106f0002240f00a250019d043c00
:10c70800019d043ce445400fecbd84241500001055
:10c718001400bf8fe445400f7cbd8424f2ff001055
:10c7280000a0023c019d043ce445400fbcbd8424ac
:10c738000c0000101400bf8fe445400fd4bd8424c2
:10c74800080000101400bf8fe445400f14be842475
:10c7580000a0023c700040a070004224010040a0ec
:10c768001400bf8f1000b08f0800e0031800bd2729
:020000040000fa
:020000041d00dd
:10c77800d0ffbd272c00bfaf2800b3af2400b2af55
:10c788002000b1af1c00b0af259080002598a00014
:10c798002580c000b846400f2588e00000a0063c70
:10c7a8002832c62425204002fd2d400f252860028e
:10c7b80025300002252840008e2f400f0b0004244e
:10c7c8001200401401000524e92a400f0b0004243c
:10c7d8001d00401425284000150020122c00bf8f92
:10c7e8001000a0a31000a527e041400f0b0004246f
:10c7f8001e004014252840001000a293faff4010a4
:10c808001000a5270a0000102c00bf8f2528400023
:10c81800009d043ce445400f644c842426808597a1
:10c82800009d043ce445400f884c84242c00bf8fb5
:10c838002800b38f2400b28f2000b18f1c00b08f66
:10c848000800e0033000bd27009d043ce445400f8c
:10c85800a04c842426808597009d043ce445400f25
:10c86800884c8424f2ff00102c00bf8f009d043cec
:10c87800e445400fbc4c842426808597009d043ce9
:10c88800e445400f884c8424e9ff00102c00bf8f3a
:020000040000fa
:020000041d00dd
:10c89800d0ffbd272c00bfaf2800b1af2400b0af38
:10c8a8001000a0a30000829080ff032425104300fd
:10c8b8001100a2a3010082901200a2a3020082909c
:10c8c8001300a2a303008290080042341400a2a31c
:10c8d800040082901500a2a3050082901600a2a36e
:10c8e80006008290b846400f1700a2a31800a2af16
:10c8f800108080af080006241000a527f33e400fe3
:10c908006f00042402001024010011241080828f7b
:10c9180014005010000000001080828f1100511088
:10c9280000000000b846400f000000001800a38f68
:10c93800231043001c00a2af1c00a28f1500422c3c
:10c94800f2ff401400000000019d043cf245400f36
:10c958002c9a842403000224108082af0500001062
:10c96800251000001080848f010003240600831422
:10c97800010002242c00bf8f2800b18f2400b08f43
:10c988000800e0033000bd27019d043cf245400f3c
:10c99800589a842403000224108082aff5ff001007
:04c9a8002510000056
:020000040000fa
:020000041d00dd
:10c9ac00e8ffbd271400bfaf6636400f25200000fe
:10c9bc0010808527019d043c6247400f0c0f842496
:10c9cc0025280000019d043cc747400fbcfa842475
:10c9dc0025280000019d043ccc47400fb81f84243f
:10c9ec00508080af5080848f0100052400a0023c51
:10c9fc00a0274224da3d400f2120440025280000c6
:10ca0c00019d043cd147400fb4f584242528000037
:10ca1c00019d043cd647400fc41f8424010005240b
:10ca2c0000a0043cfe3d400f602784244c8080af66
:10ca3c0025280000019d043cbd47400fec91842447
:10ca4c006442400f0000000025280000019d043cba
:10ca5c00e447400fa0188424b239400f00000000b6
:10ca6c009631400f000000004e31400f00000000d6
:10ca7c000c004050019d043c019d043ce445400fda
:10ca8c0028be84248038400f0000000001000224de
:10ca9c00cc8082a3a08082a31400bf8f0800e00387
:10caac001800bd27e445400f14be8424f5ff001088
:04cabc000000000076
:020000040000fa
:020000041d00dd
:10cac000d0ffbd272c00bfaf2800b1af2400b0af0e
:10cad000040002241000a2a3000082907f004230d4
:10cae0001100a2a3010082901200a2a30200829072
:10caf0001300a2a3040082901400a2a3030082905a
:10cb00001500a2a3050082901600a2a30600829041
:10cb1000b846400f1700a2a31800a2af108080af44
:10cb2000080006241000a527f33e400f51000424fe
:10cb300002001024010011241080828f1400501074
:10cb4000000000001080828f1100511000000000d2
:10cb5000b846400f000000001800a38f23104300c8
:10cb60001c00a2af1c00a28f1500422cf2ff401443
:10cb700000000000019d043cf245400f949984247c
:10cb800003000224108082af050000102510000071
:10cb90001080848f01000324060083140100022406
:10cba0002c00bf8f2800b18f2400b08f0800e00355
:10cbb0003000bd27019d043cf245400fc0998424fc
:10cbc00003000224108082aff5ff00102510000042
:020000040000fa
:020000041d00dd
:10cbd000e0ffbd271c00bfaf1800b2af1400b1af1b
:10cbe0001000b0af258080002590a00064000224d2
:10cbf000588082aff646400f252000020900401001
:10cc000088bf023c5880828ffaff4014252800021a
:10cc1000019d043ce445400fe01c842423000010e7
:10cc20001c00bf8f00200324a86043ac88bf113cc8
:10cc300000010224646022aecc8080a3a08080a387
:10cc4000fe0105245b47400f03000424403012001e
:10cc5000fe010524ad46400f030004240004022415
:10cc6000646022ae1600001200401024000210245e
:10cc700088bf023c686050ac0b45400f1400042490
:10cc8000646030aefe0105245447400f03000424c5
:10cc900088bf023c00040324686043ac0100022406
:10cca000a08082a3cc8082a31c00bf8f1800b28f0b
:10ccb0001400b18f1000b08f0800e0032000bd27e2
:10ccc00088bf023ca86050ac0b45400f1400042400
:10ccd00088bf023ca46050acebff0010fe010524ad
:020000040000fa
:020000041d00dd
:10cce000e0ffbd271c00bfaf1800b2af1400b1af0a
:10ccf0001000b0af258080002590a00064000224c1
:10cd0000588082aff646400f2520000209004010ef
:10cd100088bf023c5880828ffaff40142528000209
:10cd2000019d043ce445400fe01c842423000010d6
:10cd30001c00bf8f00200324a46043ac88bf113cbb
:10cd400000010224646022aecc8080a3a08080a376
:10cd5000fe0105245b47400f03000424403012000d
:10cd6000fe010524ad46400f030004240004022404
:10cd7000646022ae1600001200401024000210244d
:10cd800088bf023c686050ac0b45400f140004247f
:10cd9000646030aefe0105245447400f03000424b4
:10cda00088bf023c00040324686043ac01000224f5
:10cdb000a08082a3cc8082a31c00bf8f1800b28ffa
:10cdc0001400b18f1000b08f0800e0032000bd27d1
:10cdd00088bf023ca86050ac0b45400f14000424ef
:10cde00088bf023ca46050acebff0010fe0105249c
:020000040000fa
:020000041d00dd
:10cdf00000e85d4100701a4000601b4090ffbd27b5
:10ce00006c00baaf02601a406800bbaf6400baaff2
:10ce100044781b7c00087b3700609b405400bfaf08
:10ce20005000b9af4c00b8af4800afaf4400aeaf50
:10ce30004000adaf3c00acaf3800abaf3400aaafa0
:10ce40003000a9af2c00a8af2800a7af2400a6afe0
:10ce50002000a5af1c00a4af1800a3af1400a2af20
:10ce60001000a1af121000005c00a2af101800006b
:10ce70005800a3af203d400f000000005c00a28fcf
:10ce8000130040005800a38f110060005400bf8fb2
:10ce90005000b98f4c00b88f4800af8f4400ae8f60
:10cea0004000ad8f3c00ac8f3800ab8f3400aa8fb0
:10ceb0003000a98f2c00a88f2800a78f2400a68ff0
:10cec0002000a58f1c00a48f1800a38f1400a28f30
:10ced0001000a18f00606041c00000006c00ba8f9c
:10cee0006800bb8f00709a406400ba8f7000bd2745
:10cef00002609a4000e8dd4100609b40180000425b
:020000040000fa
:020000041d00dd
:10cf000000e85d4100701a4000601b4090ffbd27a3
:10cf10006c00baaf02601a406800bbaf6400baafe1
:10cf200044781b7c00087b3700609b405400bfaff7
:10cf30005000b9af4c00b8af4800afaf4400aeaf3f
:10cf40004000adaf3c00acaf3800abaf3400aaaf8f
:10cf50003000a9af2c00a8af2800a7af2400a6afcf
:10cf60002000a5af1c00a4af1800a3af1400a2af0f
:10cf70001000a1af121000005c00a2af101800005a
:10cf80005800a3af5720400f000000005c00a28fa4
:10cf9000130040005800a38f110060005400bf8fa1
:10cfa0005000b98f4c00b88f4800af8f4400ae8f4f
:10cfb0004000ad8f3c00ac8f3800ab8f3400aa8f9f
:10cfc0003000a98f2c00a88f2800a78f2400a68fdf
:10cfd0002000a58f1c00a48f1800a38f1400a28f1f
:10cfe0001000a18f00606041c00000006c00ba8f8b
:10cff0006800bb8f00709a406400ba8f7000bd2734
:10d0000002609a4000e8dd4100609b401800004249
:020000040000fa
:020000041d00dd
:10d0100000e85d4100701a4000601b4090ffbd2792
:10d020006c00baaf02601a406800bbaf6400baafd0
:10d0300044781b7c00047b3700609b405400bfafea
:10d040005000b9af4c00b8af4800afaf4400aeaf2e
:10d050004000adaf3c00acaf3800abaf3400aaaf7e
:10d060003000a9af2c00a8af2800a7af2400a6afbe
:10d070002000a5af1c00a4af1800a3af1400a2affe
:10d080001000a1af121000005c00a2af1018000049
:10d090005800a3af3546400f000000005c00a28f8f
:10d0a000130040005800a38f110060005400bf8f90
:10d0b0005000b98f4c00b88f4800af8f4400ae8f3e
:10d0c0004000ad8f3c00ac8f3800ab8f3400aa8f8e
:10d0d0003000a98f2c00a88f2800a78f2400a68fce
:10d0e0002000a58f1c00a48f1800a38f1400a28f0e
:10d0f0001000a18f00606041c00000006c00ba8f7a
:10d100006800bb8f00709a406400ba8f7000bd2722
:10d1100002609a4000e8dd4100609b401800004238
:020000040000fa
:020000041d00dd
:10d1200000e85d4100701a4000601b4090ffbd2781
:10d130006c00baaf02601a406800bbaf6400baafbf
:10d1400044781b7c00087b3700609b405400bfafd5
:10d150005000b9af4c00b8af4800afaf4400aeaf1d
:10d160004000adaf3c00acaf3800abaf3400aaaf6d
:10d170003000a9af2c00a8af2800a7af2400a6afad
:10d180002000a5af1c00a4af1800a3af1400a2afed
:10d190001000a1af121000005c00a2af1018000038
:10d1a0005800a3afa01f400f000000005c00a28f3a
:10d1b000130040005800a38f110060005400bf8f7f
:10d1c0005000b98f4c00b88f4800af8f4400ae8f2d
:10d1d0004000ad8f3c00ac8f3800ab8f3400aa8f7d
:10d1e0003000a98f2c00a88f2800a78f2400a68fbd
:10d1f0002000a58f1c00a48f1800a38f1400a28ffd
:10d200001000a18f00606041c00000006c00ba8f68
:10d210006800bb8f00709a406400ba8f7000bd2711
:10d2200002609a4000e8dd4100609b401800004227
:020000040000fa
:020000041d00dd
:10d2300000e85d4100701a4000601b4090ffbd2770
:10d240006c00baaf02601a406800bbaf6400baafae
:10d2500044781b7c00047b3700609b405400bfafc8
:10d260005000b9af4c00b8af4800afaf4400aeaf0c
:10d270004000adaf3c00acaf3800abaf3400aaaf5c
:10d280003000a9af2c00a8af2800a7af2400a6af9c
:10d290002000a5af1c00a4af1800a3af1400a2afdc
:10d2a0001000a1af121000005c00a2af1018000027
:10d2b0005800a3af6f10400f000000005c00a28f69
:10d2c000130040005800a38f110060005400bf8f6e
:10d2d0005000b98f4c00b88f4800af8f4400ae8f1c
:10d2e0004000ad8f3c00ac8f3800ab8f3400aa8f6c
:10d2f0003000a98f2c00a88f2800a78f2400a68fac
:10d300002000a58f1c00a48f1800a38f1400a28feb
:10d310001000a18f00606041c00000006c00ba8f57
:10d320006800bb8f00709a406400ba8f7000bd2700
:10d3300002609a4000e8dd4100609b401800004216
:020000040000fa
:020000041d00dd
:10d3400000e85d4100701a4000601b4090ffbd275f
:10d350006c00baaf02601a406800bbaf6400baaf9d
:10d3600044781b7c00107b3700609b405400bfafab
:10d370005000b9af4c00b8af4800afaf4400aeaffb
:10d380004000adaf3c00acaf3800abaf3400aaaf4b
:10d390003000a9af2c00a8af2800a7af2400a6af8b
:10d3a0002000a5af1c00a4af1800a3af1400a2afcb
:10d3b0001000a1af121000005c00a2af1018000016
:10d3c0005800a3af4e14400f000000005c00a28f75
:10d3d000130040005800a38f110060005400bf8f5d
:10d3e0005000b98f4c00b88f4800af8f4400ae8f0b
:10d3f0004000ad8f3c00ac8f3800ab8f3400aa8f5b
:10d400003000a98f2c00a88f2800a78f2400a68f9a
:10d410002000a58f1c00a48f1800a38f1400a28fda
:10d420001000a18f00606041c00000006c00ba8f46
:10d430006800bb8f00709a406400ba8f7000bd27ef
:10d4400002609a4000e8dd4100609b401800004205
:020000040000fa
:020000041d00dd
:10d4500000e85d4100701a4000601b4090ffbd274e
:10d460006c00baaf02601a406800bbaf6400baaf8c
:10d4700044781b7c000c7b3700609b405400bfaf9e
:10d480005000b9af4c00b8af4800afaf4400aeafea
:10d490004000adaf3c00acaf3800abaf3400aaaf3a
:10d4a0003000a9af2c00a8af2800a7af2400a6af7a
:10d4b0002000a5af1c00a4af1800a3af1400a2afba
:10d4c0001000a1af121000005c00a2af1018000005
:10d4d0005800a3afc521400f000000005c00a28fe0
:10d4e000130040005800a38f110060005400bf8f4c
:10d4f0005000b98f4c00b88f4800af8f4400ae8ffa
:10d500004000ad8f3c00ac8f3800ab8f3400aa8f49
:10d510003000a98f2c00a88f2800a78f2400a68f89
:10d520002000a58f1c00a48f1800a38f1400a28fc9
:10d530001000a18f00606041c00000006c00ba8f35
:10d540006800bb8f00709a406400ba8f7000bd27de
:10d5500002609a4000e8dd4100609b4018000042f4
:020000040000fa
:020000041d00dd
:10d5600000e85d4100701a4000601b4090ffbd273d
:10d570006c00baaf02601a406800bbaf6400baaf7b
:10d5800044781b7c00047b3700609b405400bfaf95
:10d590005000b9af4c00b8af4800afaf4400aeafd9
:10d5a0004000adaf3c00acaf3800abaf3400aaaf29
:10d5b0003000a9af2c00a8af2800a7af2400a6af69
:10d5c0002000a5af1c00a4af1800a3af1400a2afa9
:10d5d0001000a1af121000005c00a2af10180000f4
:10d5e0005800a3af7c22400f000000005c00a28f17
:10d5f000130040005800a38f110060005400bf8f3b
:10d600005000b98f4c00b88f4800af8f4400ae8fe8
:10d610004000ad8f3c00ac8f3800ab8f3400aa8f38
:10d620003000a98f2c00a88f2800a78f2400a68f78
:10d630002000a58f1c00a48f1800a38f1400a28fb8
:10d640001000a18f00606041c00000006c00ba8f24
:10d650006800bb8f00709a406400ba8f7000bd27cd
:10d6600002609a4000e8dd4100609b4018000042e3
:020000040000fa
:020000041d00dd
:10d6700000e85d4100701a4000601b4090ffbd272c
:10d680006c00baaf02601a406800bbaf6400baaf6a
:10d6900044781b7c000c7b3700609b405400bfaf7c
:10d6a0005000b9af4c00b8af4800afaf4400aeafc8
:10d6b0004000adaf3c00acaf3800abaf3400aaaf18
:10d6c0003000a9af2c00a8af2800a7af2400a6af58
:10d6d0002000a5af1c00a4af1800a3af1400a2af98
:10d6e0001000a1af121000005c00a2af10180000e3
:10d6f0005800a3af0e21400f000000005c00a28f75
:10d70000130040005800a38f110060005400bf8f29
:10d710005000b98f4c00b88f4800af8f4400ae8fd7
:10d720004000ad8f3c00ac8f3800ab8f3400aa8f27
:10d730003000a98f2c00a88f2800a78f2400a68f67
:10d740002000a58f1c00a48f1800a38f1400a28fa7
:10d750001000a18f00606041c00000006c00ba8f13
:10d760006800bb8f00709a406400ba8f7000bd27bc
:10d7700002609a4000e8dd4100609b4018000042d2
:020000040000fa
:020000041d00dd
:10d78000b0ffbd274c00bfaf6000a28f3c00a0a33c
:10d79000ff00a3303d00a3a3022a05003e00a5a37d
:10d7a0003f00a6a34000a2a3024202004100a8a39a
:10d7b000024402004200a8a3021602004300a2a3f2
:10d7c0004400a3a34500a5a3020002242500e21003
:10d7d0004600a6a30300e22c090040140300022423
:10d7e0002500e210040002240b00e21423000224ae
:10d7f0003c00a2a308000224070000101800a2a306
:10d80000010002240400e2142f0002243c00a2a321
:10d81000050002241800a2a31000a4a33c00a22724
:10d820001400a2af4400a2272000a2af08000224e7
:10d830002400a2a3600002241c00a2af2800a7af0e
:10d840006400a28f2c00a2afd00702243800a2af40
:10d85000e81e400f1000a4274c00bf8f0800e00313
:10d860005000bd272b0002243c00a2a30600022486
:10d87000e9ff00101800a2a3270002243c00a2a385
:0cd8800007000224e4ff00101800a2a31f
:020000040000fa
:020000041d00dd
:10d88c000c00a294e8ffbd271400bfaf400043304a
:10d89c001000b0af060060101800a4a32014047c84
:10d8ac001400bf8f1000b08f0800e0031800bd27d4
:10d8bc0002004330060060541000a38c3000423448
:10d8cc000c00a2a40400a0acf5ff0010ffff022482
:10d8dc002580a000070060140e00a494010006240b
:10d8ec009943400f1800a527040000aeecff001070
:10d8fc001800a2830800a38c0b0060540400068e51
:10d90c0000a0033c783263240800a3ac0000a3ac55
:10d91c0008004234200003241000a3ac0400a3ac84
:10d92c000c00a2a40400068e9943400f0800058e3b
:10d93c000800028effff0324040003ae0100432401
:10d94c00000003ae1800a383000043a01800a383bb
:10d95c000a000224d2ff62141800a2830c00029663
:10d96c0000014230ceff40501800a2830400068e06
:10d97c000800058e9943400f0e0004960800028e95
:0cd98c00040000aed9ff0010000002ae45
:020000040000fa
:020000041d00dd
:10d99800e8ffbd271400bfaf00606241c00000006f
:10d9a8002528000000a0043c4f46400f483184243d
:10d9b8002528000000a0043c4f46400f5c31842419
:10d9c8004647400f00000000008002400300423438
:10d9d80000808240c000000088bf023c0040438ca9
:10d9e800020004240410837c004043ac0040438cb4
:10d9f800010004240429837c004043ac88bf023c16
:10da08000020438c8431837c002043ac81bf023cde
:10da180000f24390c418037c00f243a0ff3a400f81
:10da2800000000001025400f000000004a42400f8f
:10da380000000000593f400f000000007b3f400fee
:10da480000000000fb44400f00000000153f400f9d
:10da580000000000e242400f000000009d3f400f20
:10da680000000000373f400f00000000d645400f7f
:10da7800000000005f40400f00000000c441400f5c
:10da880000000000206062411400bf8f0800e0031e
:04da98001800bd278e
:020000040000fa
:020000041d00dd
:10da9c000020202020202020202028282828282072
:10daac00202020202020202020202020202020206a
:10dabc0020801010101010101010101010101010da
:10dacc0010040404040404040404041010101010c2
:10dadc00101041414141414101010101010101018c
:10daec0001010101010101010101010110101010de
:10dafc00101042424242424202020202020202025e
:10db0c0002020202020202020202020210101010b1
:10db1c0020000000000000000000000000000000d9
:10db2c0000000000000000000000000000000000e9
:10db3c0000000000000000000000000000000000d9
:10db4c0000000000000000000000000000000000c9
:10db5c0000000000000000000000000000000000b9
:10db6c0000000000000000000000000000000000a9
:10db7c000000000000000000000000000000000099
:10db8c000000000000000000000000000000000089
:04db9c000000000c79
:020000040000fa
:020000041d00dd
:10dba000d0ffbd272c00bfaf2800b3af2400b2af19
:10dbb0002000b1af1c00b0af259080002598a000d8
:10dbc0002588c00035808293ff0042300600401057
:10dbd000010002244000000035808293ff004230a3
:10dbe000fcff401401000224358082a300a0103cf9
:10dbf000a027102680000624252800002c3c400f7a
:10dc0000252000022a45400f388080a3508080af35
:10dc10005080848f01000524da3d400f212004024a
:10dc20002528600200a0043c5b29400f20288424a2
:10dc30009e2b400f2520400225284000453a400fea
:10dc400025204002b846400f000000001000a2af9f
:10dc500038809093ff0010320a0000162510000251
:10dc6000b846400f000000001000a38f23104300af
:10dc70001400a2af1400a28f2b105100f4ff401427
:10dc8000251000022c00bf8f2800b38f2400b28f14
:10dc90002000b18f1c00b08f0800e0033000bd27ca
:020000040000fa
:020000041d00dd
:10dca000c8ffbd273400bfaf3000b2af2c00b1af0a
:10dcb0002800b0af1800a0a3b846400f1d00a0a3d5
:10dcc0002000a2af108080af010002241000a2af9c
:10dcd0001d00a727010006241800a527693e400f54
:10dce000510004242590400002001024010011245a
:10dcf0001080828f14005010000000001080828f6e
:10dd00001100511000000000b846400f0000000054
:10dd10002000a38f231043002400a2af2400a28f71
:10dd20001500422cf2ff401400000000019d043c4d
:10dd3000f245400f4c99842403000224108082afe6
:10dd400005000010259000001080838f0100022440
:10dd500008006214019d043c251040023400bf8f6e
:10dd60003000b28f2c00b18f2800b08f0800e00384
:10dd70003800bd27f245400f749984240300022423
:10dd8000108082afba45400f25900000f3ff0010cd
:04dd90002510400218
:020000040000fa
:020000041d00dd
:10dd9400d0ffbd272c00bfaf2800b5af2400b4af1f
:10dda4002000b3af1c00b2af1800b1af1400b0af85
:10ddb4002590800025a0a000022304001b008600fb
:10ddc400f401c00010a800005041400f2520c000fd
:10ddd4002580400025886000c944400fff0f44326d
:10dde400019d043c281e868c2c1e878c2520400017
:10ddf400d61b400f25286000259040002598600020
:10de04004020150021209500001104002320440027
:10de1400c944400fc020040025304000253860006c
:10de240025204002d318400f252860022530000227
:10de340025382002252040007e15400f252860004b
:10de4400253000022538200225204000d61b400f33
:10de540025286000000082ae040083ae2c00bf8f32
:10de64002800b58f2400b48f2000b38f1c00b28f1c
:10de74001800b18f1400b08f0800e0033000bd27f4
:020000040000fa
:020000041d00dd
:10de8400b0ffbd274c00bfaf400002243c00a2a35a
:10de9400ff00a2303d00a2a3022a05003e00a5a374
:10dea4003f00a6a34000a2a34100a5a302000224b0
:10deb4002500e2104200a6a30300e22c0700401450
:10dec400030002242300e210040002240700e214e9
:10ded40043000224050000101c00a2af010002242c
:10dee4000200e2144f0002241c00a2af1000a4a3fd
:10def4003c00a2271400a2af040002241800a2a32d
:10df04004000a2272000a2af080002242400a2a3fc
:10df14002800a7af6000a28f2c00a2afd007022474
:10df24003800a2afe81e400f1000a42703004010e1
:10df34006400a38f3400a48f000064ac4c00bf8f36
:10df44000800e0035000bd274b000224e7ff001047
:10df54001c00a2af47000224e4ff00101c00a2af83
:020000040000fa
:020000041d00dd
:10df6400e0ffbd27040002241400b0af1c00bfafc3
:10df74001800b1af1200c2102580800000010224f5
:10df84000300c2102588c0001f00c014ffff022434
:10df94002200a0500800058e0c00029608004234ae
:10dfa4000c0002a60c000296080005ae100007ae95
:10dfb400fbfe423025105100110000100c0002a697
:10dfc4000c00829408004230070040540c00029672
:10dfd4000800848c040080500c000296db47400f3c
:10dfe400000000000c000296000000ae080000ae25
:10dff400f7fe4230040042340c0002a6100000aeca
:10e00400040000ae251000001c00bf8f1800b18f63
:10e014001400b08f0800e0032000bd27e1ffa054e6
:10e024001000078e7e42400f0000000025284000ab
:10e03400f5ffa010ffff0224daff001020000724e0
:020000040000fa
:020000041d00dd
:10e044000055a67cffffc724fe07e72cc24f05003e
:10e054002d00e0100098a57c01fcc7243f00e228b5
:10e064002d004010251000002900e0043500e828a8
:10e074001000033c25108000130000152518a30090
:10e08400cdfbc62427280600421004000610a20077
:10e094000418c3002000c5300430c4002518430010
:10e0a4002510c0000b1005000b18c500140020112a
:10e0b40000000000231002002b200200231803009c
:10e0c4000800e0032318640034000524f7ffe5107a
:10e0d400000000002338a700271007004028030091
:10e0e400042845000610e4000618e3002000e4308c
:10e0f4002510a2000b106400eeff20150b1804007d
:10e104000800e003000000000300c0142510000014
:10e114000800e003251800000800e0030080033c29
:020000040000fa
:020000041d00dd
:10e12400a8ffbd270400a1af0800a2af0c00a3af55
:10e134001000a4af1400a5af1800a6af1c00a7af31
:10e144002000a8af2400a9af2800aaaf2c00abafd1
:10e154003000acaf3400adaf3800aeaf3c00afaf71
:10e164004000b8af4400b9af4800bfaf1240000050
:10e174004c00a8af104000005000a8af019d1a3c0d
:10e18400701e5a270000000000680440006005402b
:10e1940009f84003000000005000a88f110000019e
:10e1a4004c00a88f130000010400a18f0800a28f67
:10e1b4000c00a38f1000a48f1400a58f1800a68f45
:10e1c4001c00a78f2000a88f2400a98f2800aa8fe5
:10e1d4002c00ab8f3000ac8f3400ad8f3800ae8f85
:10e1e4003c00af8f4000b88f4400b98f4800bf8f08
:0ce1f4005800bd27c000000018000042c9
:020000040000fa
:020000041d00dd
:10e20000e8ffbd271400bfaf00a0023c71004290a0
:10e210001d00405001000224a18080a300a0033c07
:10e22000040162a0510003241a0043106f0003246c
:10e23000260043140100022400a0023c04014224f1
:10e24000019d033ce8c26324080043ac019d033cec
:10e2500098c863240c0043ac009d033c8472632483
:10e26000040043ac20000324140043a000a0023c9f
:10e270000801428c09f84000000000001400bf8f24
:10e280000800e0031800bd27a18082a3fbff001057
:10e290002510000000a0023c04014224019d033c23
:10e2a000c0c16324080043ac019d033cc0ca632481
:10e2b0000c0043ac019d033ca0dc6324040043ac90
:10e2c00003000324e9ff0010140043a0a18082a3ef
:08e2d000eaff00102510000018
:020000040000fa
:020000041d00dd
:10e2d800ffffc224fa00422c2c004010000000006e
:10e2e800d8ffbd272400bfaf2000b3af1c00b2afda
:10e2f8001800b1af1400b0af7c80828f25004010a9
:10e308002588c0002590a000258080001b00820081
:10e31800f401400010980000122000002118d000dd
:10e32800ffff63241b006200f40140001218000084
:10e33800120083102398530025306002c329400f30
:10e348002520000208004014233033022400bf8f28
:10e358002000b38f1c00b28f1800b18f1400b08f4b
:10e368000800e0032800bd2721285302c329400fd5
:10e3780021201302f6ff00102400bf8fc329400f8d
:10e3880025200002f2ff00102400bf8f0800e003e0
:0ce3980025100000edff00102510000013
:020000040000fa
:020000041d00dd
:10e3a400e8ffbd271400bfaf1000b0af2580800088
:10e3b40088bf023c00200324a46043ac88bf023c15
:10e3c40000010324686043accc8080a3a08080a3b8
:10e3d400fe0105245447400f0300042488bf023c77
:10e3e40000040324646043ac1500001200401024b0
:10e3f4000002102488bf023c686050ac0b45400ffb
:10e40400140004244d47400f030004244038427c88
:10e4140088bf033c646070ac88bf033c00040424e0
:10e42400686064ac01000324a08083a3cc8083a330
:10e434001400bf8f1000b08f0800e0031800bd2740
:10e4440088bf023ca86050ac0b45400f1400042464
:10e454004d47400f030004244038427c88bf033cee
:0ce46400a46070acedff001088bf033c0a
:020000040000fa
:020000041d00dd
:10e470000000828c000043902d006010000000001e
:10e480000400868c0000c58c2900a0100500a72878
:10e490000c00e01424000724070067540000c0acff
:10e4a00021184500ffff67900d0003240900e35089
:10e4b000010047900000c0ac060002240800e00301
:10e4c000080082a00000c0ac060002240800e0039f
:10e4d000080082a0fcffa3241100e3540000c0ac9c
:10e4e00001004324feff492421482501253800006e
:10e4f0000000689001006324fdff69142638e800dd
:10e5000021104500feff429008004710040002243d
:10e510000000c0ac070002240800e003080082a04d
:10e52000060002240800e003080082a0080082a080
:08e530000800e00300000000f8
:020000040000fa
:020000041d00dd
:10e53800ffffc224ff00422c2b0040100000000007
:10e54800e0ffbd271c00bfaf1800b1af1400b0af8b
:10e558007c80828f260040102580c0007144400fc7
:10e568002588a00000a0033ce8ff0424342864a008
:10e578003428632403240200010064a0032202005b
:10e58800020064a0030062a0040060a0050060a06f
:10e59800060060a0070060a0ac45400f0000000026
:10e5a800fdff40140800062600a0053c3428a524d9
:10e5b80000a0043c7e40400f34298424253000020a
:10e5c80000a0053c3c29a524442b400f252020020f
:10e5d800010002241c00bf8f1800b18f1400b08ff7
:10e5e8000800e0032000bd270800e0032510000014
:08e5f800f8ff001025100000df
:020000040000fa
:020000041d00dd
:10e600002518000001000a2400a0083c3431082528
:10e610000c00001010000924968082972730060015
:10e620002430c200968086a71f00001021106800c9
:10e6300021106800000040a0010063241d00691043
:10e640000000000004306a00ffffc5309e80849700
:10e650002420a400968082972410a2002b38040066
:10e660002b100200f2ffe210213868000000e29057
:10e6700001004224ff0042300000e2a00000e290ce
:10e68000ff0042300400422cecff405401006324a0
:10e69000e1ff801000000000968082972528a200ec
:10e6a000968085a721106800000040a0e3ff0010bd
:10e6b0000100632496808297ffff42309a8082a7f0
:08e6c0000800e0030000000067
:020000040000fa
:020000041d00dd
:10e6c800e0ffbd271c00bfafb846400f00000000a8
:10e6d8001000a2afb846400f000000001000a38f42
:10e6e800231043001400a2afac45400f0000000007
:10e6f80005004010000000001400a28f6400422ca6
:10e70800f4ff4014000000001400a28f6400422ca3
:10e718001100401400000000019d043ce445400f36
:10e7280000bd8424ba45400f00000000d846400fc1
:10e73800d0070424ba45400f00000000d846400f17
:10e74800d0070424ba45400f000000001c00bf8f0a
:10e758000800e0032000bd27eb44400f0000000044
:10e768001b46400f7c8082af788082af2530400006
:10e778007c80858f019d043ce445400f20bd8424a6
:08e78800f3ff00101c00bf8f1d
:020000040000fa
:020000041d00dd
:10e79000d8ffbd272400bfaf2000b3af1c00b2af2d
:10e7a0001800b1af1400b0af25888000d007062450
:10e7b000019d053cbc0ca524019d043ce836400f9e
:10e7c000e00c84241f004010019d043c3f00052400
:10e7d00000a0103ce246400fa0270426010053246d
:10e7e0000d000524e246400fa02704262390530085
:10e7f0002530400225286002da44400f25202002ff
:10e8000021883202000020a29e2b400fa027042660
:10e81000a0270426211082000d000324000043a03d
:10e82000f245400f010040a02400bf8f2000b38fad
:10e830001c00b28f1800b18f1400b08f0800e003e5
:10e840002800bd27f245400fec0c8424f6ff001091
:04e85000000020a202
:020000040000fa
:020000041d00dd
:10e85400e8ffbd271400bfaf0300822c0c0040105a
:10e864001000b0af01000224180082102014047cb0
:10e874000d004010020002241d00821080001024ac
:10e884001400bf8f1000b08f0800e0031800bd27ec
:10e8940025288000019d043ce445400f600d84243c
:10e8a400f8ff00101400bf8f0080103488bf023cb2
:10e8b400246050acd846400ffa00042488bf023cc0
:10e8c400286050acefff00101400bf8f008010349c
:10e8d40088bf023c646050acd846400ffa00042460
:10e8e40088bf023c686050ace6ff00101400bf8f84
:10e8f40088bf023c646050acd846400ffa00042440
:10e9040088bf023c686050acdeff00101400bf8f6b
:020000040000fa
:020000041d00dd
:10e914002d0080502510000000a0023c04334390d9
:10e92400290060142510000000a0023cf03244ac21
:10e93400f0324224040045ac080040ac010003243a
:10e94400140043a080bf073c2530400080bf093c31
:10e95400060008240500001080bf0a3c0800c3ac70
:10e964002110820000004290206442ad1064e28cc9
:10e97400000242301000401488bf023c0800c28ce0
:10e984002b1845000c00605088bf023c0064238da6
:10e9940006006330f1ff6814010043240800c3ac8f
:10e9a400401002002110820000004294206442ad15
:10e9b400eeff00100000000080000324781043ac38
:10e9c4000800e003010002240800e0030000000046
:020000040000fa
:020000041d00dd
:10e9d400c8ffbd273400bfaf3000b3af2c00b2afc7
:10e9e4002800b1af2400b0af258880002590a00096
:10e9f400f9ff90241400b0af1000a5af0100072464
:10ea040025300000e035400f6060052415004010fb
:10ea1400010002246c80938f1800a2271400a2af77
:10ea24001000b0af01000724253000006160052408
:10ea3400a137400f252020020a00401001000224c3
:10ea44006c80828f23105300f50142280c00401083
:10ea54001800a28ff1ff52541800a227268092a713
:10ea6400251000003400bf8f3000b38f2c00b28f0c
:10ea74002800b18f2400b08f0800e0033800bd27c0
:0cea8400268082a7f7ff00100200022489
:020000040000fa
:020000041d00dd
:10ea9000c0ffbd273c00bfaf3800b1af6b32400fa5
:10eaa0003400b0af009d043ce445400ff050842496
:10eab000463e400f252000001642400f2520000052
:10eac00006001024009d113cfc503126ffff10264b
:10ead0002530000225282002b142400f1000a42753
:10eae0001000a7270100062401000524573b400f12
:10eaf00025200000d846400fe8030424f4ff005608
:10eb0000ffff1026009d043ce445400f145184246f
:10eb1000ba45400f00000000d846400ff40104241d
:10eb2000c845400f000000001642400f252000009d
:10eb300001000224708082a3009d043ce445400f44
:0ceb400024518424c711400f0000000085
:020000040000fa
:020000041d00dd
:10eb4c00d0ffbd272c00bfaf2800b2af2400b1af5f
:10eb5c002000b0af25808000f9ff82241400a2af02
:10eb6c00060002241000a2af02000724253000008a
:10eb7c00e035400f406005241100401001000224d4
:10eb8c006c80918f210012241800a5271344400f8c
:10eb9c00252000020a004010010002246c80828fa4
:10ebac0023105100f50142280b0040101800a297c9
:10ebbc006f004230f5ff52141800a52725100000f5
:10ebcc002c00bf8f2800b28f2400b18f2000b08f93
:10ebdc000800e0033000bd27268082a7019d043c7d
:10ebec00f245400f98108424f5ff00100200022417
:020000040000fa
:020000041d00dd
:10ebfc00f0ff023481bf033c689062ac88bf033cd9
:10ec0c000d800434206064ac88bf033cffc2043424
:10ec1c00046064ac88bf033c80ed0434606064ac79
:10ec2c0088bf033c446062ac88bf023c0e400324a6
:10ec3c00a06043ac88bf023c0e600324846043acec
:10ec4c0088bf023c000a0324e06043ac88bf023c4e
:10ec5c00001e0324c46043ac88bf023c9f00032405
:10ec6c00206143ac88bf023cbf010324046143ac68
:10ec7c000800022488bf033c606162ac88bf033c7f
:10ec8c00446162ac88bf023ca06140ac88bf023cce
:10ec9c0003f00334846143ac0800e003000000007f
:020000040000fa
:020000041d00dd
:10ecac00e0ffbd271400b0af00a0103c0c34028e66
:10ecbc001800b1af1c00bfaf0f00401425888000b6
:10eccc00a82d400f000000000c34028e0b004014e5
:10ecdc000000000000a0023c0c000324283443accc
:10ecec00ffff02241c00bf8f1800b18f1400b08fdf
:10ecfc000800e0032000bd270c34028e0a00201a05
:10ed0c00211851002b206200f2ff801400a0043c5b
:10ed1c001034848c2b208300efff805400a0023c25
:10ed2c00f0ff00100c3403ae2b20430005008014c0
:10ed3c0000a0043c1434848c2b206400e9ff805028
:10ed4c000c3403ae00a0023ce4ff001016000324b8
:020000040000fa
:020000041d00dd
:10ed5c00e0ffbd271c00bfaf1800b2af1400b1af6d
:10ed6c001000b0af258880002518a0002510c00029
:10ed7c002580e000060060100100052425286000b5
:10ed8c000500632c0100605004000524ff00a53031
:10ed9c000600401001000624253040001500422cce
:10edac000100405014000624ff00c630fb41400f08
:10edbc0025202002000005820a00a0101400122653
:10edcc00ff00a530f432400f252020020100102650
:10eddc00000005820400a0101c00bf8ff9ff5056e4
:10edec00ff00a5301c00bf8f1800b28f1400b18f2c
:0cedfc001000b08f0800e0032000bd27cd
:020000040000fa
:020000041d00dd
:10ee0800b0ffbd274c00bfaf4800b0af25808000e1
:10ee1800019d023cdc1f438cdc1f42240400428c11
:10ee28003c00a3af4000a2af230002243c00a2a3f1
:10ee3800080002241800a2a31000a4a33c00a227e3
:10ee48001400a2af4400a2272000a2af2400a0a370
:10ee58001c00a0af070082242c00a2afe81e400fc0
:10ee68001000a427050040541000b0a34c00bf8f29
:10ee78004800b08f0800e0035000bd273c00a227df
:10ee88001400a2af1800a0a3010002242400a2a32a
:10ee9800881302243800a2af252800001728400f45
:0ceea8001000a427f2ff00104c00bf8fe8
:020000040000fa
:020000041d00dd
:10eeb400c23d0400ff00e7300080013c24308100a3
:10eec400ffffe924fe00212d0d00201000000000aa
:10eed4008003e724404a0400024b09002530c9009e
:10eee400402f0400004d07002530c90025100500ff
:10eef400251806000800e0030000000000000000e0
:10ef04000000052421208400f6ff8010000000008a
:10ef14000900e01400000000ffffe7242120840022
:10ef24008000013c2b088100fbff2014000000003e
:10ef3400e7ff001000000000ff07072400ff013c6a
:10ef4400010021342b088100e6ff2014000000009a
:0cef5400e4ff0010f8ff063c0000000085
:020000040000fa
:020000041d00dd
:10ef6000d8ffbd272400bfaf2000b4af1c00b3af53
:10ef70001800b2af1400b1af1000b0af2590800000
:10ef80002588a0002580c0003800d48c3c00d38c9c
:10ef9000253080002538a000252080022530400f34
:10efa00025286002030041040800068e2590800297
:10efb000258860020c00078e25204002d61b400fda
:10efc00025282002019d043c301e868c341e878c2f
:10efd000252040007e15400f252860002520400098
:10efe0008c3e400f252860002400bf8f2000b48f86
:10eff0001c00b38f1800b28f1400b18f1000b08fb7
:08f000000800e0032800bd2711
:020000040000fa
:020000041d00dd
:10f00800d8ffbd272400bfaf2000b4af1c00b3afaa
:10f018001800b2af1400b1af1000b0af2590800057
:10f028002588a0002580c0002800d48c2c00d38c13
:10f03800253080002538a000252080022530400f8b
:10f0480025286002030041040800068e25908002ee
:10f05800258860020c00078e25204002d61b400f31
:10f0680025282002019d043c301e868c341e878c86
:10f07800252040007e15400f2528600025204000ef
:10f088008c3e400f252860002400bf8f2000b48fdd
:10f098001c00b38f1800b28f1400b18f1000b08f0e
:08f0a8000800e0032800bd2769
:020000040000fa
:020000041d00dd
:10f0b000251080002600c0101000ca2c1f0040152b
:10f0c000ff00a530005205002528aa0000540500c5
:10f0d0002528aa00030083300500601004000724df
:10f0e0002338e3002330c700000085b821208700c3
:10f0f0000f00c3302338c3000800e0102530600043
:10f100002138e400000085ac040085ac080085ac23
:10f1100010008424fbff8714fcff85ac0300c33080
:10f120002338c3000500e010253060002138e400da
:10f1300004008424feff8714fcff85ac0400c0108b
:10f140002138c40001008424feff8714ffff85a03e
:08f150000800e00300000000cc
:020000040000fa
:020000041d00dd
:10f1580040380500423d0700ffffe924fe07212d46
:10f168000c0020100000000002fce7240f80013c86
:10f17800ffff21342428a100e03f013c2528a100fd
:10f188000000c7ac25100400251805000800e0039e
:10f19800000000001300e0140000000040480500d3
:10f1a80025482401f6ff2011000000000080013ce2
:10f1b8002440a1000100e724ffffe7242a4880003b
:10f1c800212084002128a5002128a9001000013c45
:10f1d8002b08a100f8ff201400000000e2ff001037
:10f1e8002528a800f8ff053c00000724e4ff0010cc
:08f1f8002520070000000000c3
:020000040000fa
:020000041d00dd
:10f2000001000000000000000a00000000000000f3
:10f210006400000000000000e8030000000000009f
:10f220001027000000000000a08601000000000080
:10f2300040420f000000000080969800000000008f
:10f2400000e1f5050000000000ca9a3b0000000044
:10f2500000e40b540200000000e8764817000000ac
:10f260000010a5d4e800000000a0724e18090000ac
:10f2700000407a10f35a00000080c6a47e8d03007f
:10f280000000c16ff286230000008a5d78456301ab
:10f29000000064a7b3b6e00d0000e8890423c78a24
:10f2a00001000000000000000a0000000000000053
:10f2b0006400000000000000e803000000000000ff
:10f2c0001027000000000000a086010000000000e0
:10f2d00040420f00000000008096980000000000ef
:10f2e00000e1f5050000000000ca9a3b00000000a4
:10f2f00000e40b540200000000e87648170000000c
:10f300000010a5d4e800000000a0724e180900000b
:10f3100000407a10f35a00000080c6a47e8d0300de
:10f320000000c16ff286230000008a5d784563010a
:10f33000000064a7b3b6e00d0000e8890423c78a83
:020000040000fa
:020000041d00dd
:10f3400001000000000000000a00000000000000b2
:10f350006400000000000000e8030000000000005e
:10f360001027000000000000a0860100000000003f
:10f3700040420f000000000080969800000000004e
:10f3800000e1f5050000000000ca9a3b0000000003
:10f3900000e40b540200000000e87648170000006b
:10f3a0000010a5d4e800000000a0724e180900006b
:10f3b00000407a10f35a00000080c6a47e8d03003e
:10f3c0000000c16ff286230000008a5d784563016a
:10f3d000000064a7b3b6e00d0000e8890423c78ae3
:10f3e00001000000000000000a0000000000000012
:10f3f0006400000000000000e803000000000000be
:10f400001027000000000000a0860100000000009e
:10f4100040420f00000000008096980000000000ad
:10f4200000e1f5050000000000ca9a3b0000000062
:10f4300000e40b540200000000e8764817000000ca
:10f440000010a5d4e800000000a0724e18090000ca
:10f4500000407a10f35a00000080c6a47e8d03009d
:10f460000000c16ff286230000008a5d78456301c9
:10f47000000064a7b3b6e00d0000e8890423c78a42
:020000040000fa
:020000041d00dd
:10f48000e8ffbd271400bfaf88bf023c3010448c9a
:10f490000100843088bf023c01000324341043acd7
:10f4a00000606241c0000000004805400058024072
:10f4b00000a0033c2434638c21104300ceff43247e
:10f4c0002b18a300110060103200a52400588240c0
:10f4d000c00000002060624100a0033c1834652495
:10f4e0000800a28c010042240800a2ac1834628cef
:10f4f0000300401000a0033c09f840001c34658c58
:10f500001400bf8f0800e0031800bd270058854095
:0cf51000c0000000efff00100000000031
:020000040000fa
:020000041d00dd
:10f51c00d8ffbd272400bfaf2000b1af1c00b0af97
:10f52c00258880001b45400f1000a42707004014bd
:10f53c0025804000251000022400bf8f2000b18fd1
:10f54c001c00b08f0800e0032800bd271a47400fad
:10f55c001400a493040022a21a47400f1500a49390
:10f56c00050022a21a47400f1600a493d00742248c
:10f57c00080022ae1a47400f1300a493030022a2e6
:10f58c001a47400f1200a493020022a21a47400f00
:10f59c001100a493010022a21a47400f1000a4935b
:08f5ac00e4ff0010000022a2a0
:020000040000fa
:020000041d00dd
:10f5b400e8ffbd271400bfaf9647400f00000000ce
:10f5c400100040140000000000a0043cb347400faa
:10f5d4009426842412004010000000004c80828f86
:10f5e400010042244c8082af00a0043ceb47400f52
:10f5f400942684240a000224258082a30800001093
:10f60400000000004c8080af25284000019d043c90
:10f61400e445400f480b84243945400f00000000a6
:10f624004c80848f0100052400a0023c6027422402
:10f63400fe3d400f212044001400bf8f0800e0036a
:04f644001800bd27c6
:020000040000fa
:020000041d00dd
:10f64800d8ffbd272400bfaf2000b4af1c00b3af64
:10f658001800b2af1400b1af1000b0af2590800011
:10f668002588a0002580c0003800d48c3c00d38cad
:10f67800253080002538a000252080022530400f45
:10f6880025286002030041040800068e25908002a8
:10f69800258860020c00078e25204002d61b400feb
:10f6a80025282002252040008c3e400f2528600098
:10f6b8002400bf8f2000b48f1c00b38f1800b28fb6
:10f6c8001400b18f1000b08f0800e0032800bd2798
:020000040000fa
:020000041d00dd
:10f6d800d8ffbd272400bfaf2000b4af1c00b3afd4
:10f6e8001800b2af1400b1af1000b0af2590800081
:10f6f8002588a0002580c0002800d48c2c00d38c3d
:10f70800253080002538a000252080022530400fb4
:10f7180025286002030041040800068e2590800217
:10f72800258860020c00078e25204002d61b400f5a
:10f7380025282002252040008c3e400f2528600007
:10f748002400bf8f2000b48f1c00b38f1800b28f25
:10f758001400b18f1000b08f0800e0032800bd2707
:020000040000fa
:020000041d00dd
:10f76800210080100000000000a0023c1c334390e0
:10f7780003006010251000000800e00300000000ee
:10f78800e0ffbd271c00bfaf1800b1af1400b0af39
:10f798002588a0009c40400f2580800000a0023ce6
:10f7a800f0324224180050ac1c0051ac200040ac90
:10f7b800010003242c0043a0300040ac88bf023c69
:10f7c80020000324781043ac40000324781043ac95
:10f7d800010002241c00bf8f1800b18f1400b08fe5
:10f7e8000800e0032000bd270800e0032510000002
:020000040000fa
:020000041d00dd
:10f7f800210080100000000000a0023cb8334390b4
:10f8080003006010251000000800e003000000005d
:10f81800e0ffbd271c00bfaf1800b1af1400b0afa8
:10f828002588a000f640400f2580800000a0023cfb
:10f838008c334224180050ac1c0051ac200040ac62
:10f84800010003242c0043a0300040ac88bf023cd8
:10f8580008000324881043ac10000324881043ac2c
:10f86800010002241c00bf8f1800b18f1400b08f54
:10f878000800e0032000bd270800e0032510000071
:020000040000fa
:020000041d00dd
:10f888002518a000254080002548c0000700a104d5
:10f898002510e000234004002b1808002328050049
:10f8a8002328a3000080033c2618a3000600410477
:10f8b80023380700234806002b1009002338e200ec
:10f8c8000080023c2610e200090009112a204300aa
:10f8d80003008010000000000800e003010002247b
:10f8e800070062102b4028010800e003ffff0224f4
:10f8f800f7ff6214000000000800e0032510000074
:10f90800f5ff001500000000f7ff001000000000e0
:020000040000fa
:020000041d00dd
:10f91800e8ffbd271400bfaf1000b0af25808000fe
:10f92800d846400f14000424380005243833400f0b
:10f9380025200002d846400f140004240c0005249a
:10f948003833400f25200002d846400f1400042405
:10f95800060005243833400f25200002d846400f02
:10f9680014000424140005243833400f2520000215
:10f97800d846400f14000424010005243833400ff2
:10f9880025200002d846400f140004241400bf8f1d
:0cf998001000b08f0800e0031800bd272d
:020000040000fa
:020000041d00dd
:10f9a40000a0023ce032488c0a0003241d00031529
:10f9b4002510000080bf023c1054428c08004230e5
:10f9c400180040542510000000a0023cbc3244a49e
:10f9d400bc324224080047ac1000a38f100043ac93
:10f9e400040045ac0c0046ac140040ac180040ac1c
:10f9f400200040ac280040ac01000324240043aca8
:10fa040080bf023c085443ac88bf023c002003245e
:10fa1400781043ac00080324781043ac0800e003da
:0cfa2400010002240800e00300000000c4
:020000040000fa
:020000041d00dd
:10fa3000c03a0500425504002538ea000080013c28
:10fa40002538e1004050050042550a001e040624f6
:10fa50002330ca000c00c004000000002000c12cac
:10fa60000200201400000000000007340200a1047e
:10fa70000638c70023380700251007000800e003f8
:10fa800000000000000000000200801000000000e4
:10fa90000100a534f07f013c010021342b08a100b6
:10faa0000300201400000000f4ff00100080023c5e
:0cfab000f2ff0010ffff02240000000025
:020000040000fa
:020000041d00dd
:10fabc00e8ffbd271400bfaf9047400f1000b0af58
:10facc0015004014252840005080828f01004224ec
:10fadc00508082af5080848f00a0103ca02710264d
:10faec0001000524da3d400f2120040200a0053c52
:10fafc002028a5243241400f25200002020040108e
:10fb0c0001000224388082a31400bf8f1000b08f34
:10fb1c000800e0031800bd27019d043ce445400f9c
:10fb2c00280b8424508080af2a45400f0000000031
:08fb3c00e8ff001000000000ca
:020000040000fa
:020000041d00dd
:10fb440000a0023ce032478c0a0003241c00e314aa
:10fb54002510000080bf023c1054428c0800423043
:10fb6400160040140100032400a0023cbc3244a44b
:10fb7400bc324224080045ac100046ac040040ac42
:10fb84000c0040ac140040ac180040ac200043ac66
:10fb9400280040ac240043ac80bf023c085443ac72
:10fba40088bf023c00200324781043ac00080324df
:10fbb400781043ac0800e003010002242510000083
:08fbc4000800e003000000004e
:020000040000fa
:020000041d00dd
:10fbcc0000a0023ce032478c0a0003241c00e31422
:10fbdc002510000080bf023c1054428c08004230bb
:10fbec00160040140100032400a0023cbc3244a4c3
:10fbfc00bc324224080040ac100040ac040045acc0
:10fc0c000c0046ac140040ac180040ac200040acda
:10fc1c00280040ac240043ac80bf023c085443ace9
:10fc2c0088bf023c00200324781043ac0008032456
:10fc3c00781043ac0800e0030100022425100000fa
:08fc4c000800e00300000000c5
:020000040000fa
:020000041d00dd
:10fc540080bf023c08000324006443ac80bf023c24
:10fc640000940334186443ac80bf023c5a0103245b
:10fc7400406443ac88bf023c20000324741043acae
:10fc840040000324741043ac80000324741043ac7c
:10fc940000a0033cf0326224180040ac1c0040accd
:10fca400200040ac2c0040a0240040acf03260acfa
:10fcb400040040ac080040ac140040a00c0040ac70
:10fcc400300040ac80bf023c00800334086443ac85
:08fcd4000800e003000000003d
:020000040000fa
:020000041d00dd
:10fcdc0080bf023c08000324006043ac80bf023ca0
:10fcec0000940334186043ac80bf023c5a010324d7
:10fcfc00406043ac88bf023c0004033c641043ac3e
:10fd0c000008033c641043ac0010033c641043ac8b
:10fd1c0000a0033c24336224180040ac1c0040ac0f
:10fd2c00200040ac2c0040a0240040ac243360ac3c
:10fd3c00040040ac080040ac140040a00c0040ace7
:10fd4c00300040ac80bf023c00800334086043ac00
:08fd5c000800e00300000000b4
:020000040000fa
:020000041d00dd
:10fd640080bf023c08000324006a43ac80bf023c0d
:10fd740000940334186a43ac80bf023c5a01032444
:10fd8400406a43ac88bf023c00020324841043aca5
:10fd940000040324841043ac00080324841043acff
:10fda40000a0033c58336224180040ac1c0040ac53
:10fdb400200040ac2c0040a0240040ac583360ac80
:10fdc400040040ac080040ac140040a00c0040ac5f
:10fdd400300040ac80bf023c00800334086a43ac6e
:08fde4000800e003000000002c
:020000040000fa
:020000041d00dd
:10fdec0080bf023c08000324006643ac80bf023c89
:10fdfc0000940334186643ac80bf023c5a010324c0
:10fe0c00406643ac88bf023c40000324841043ace2
:10fe1c0080000324841043ac00010324841043ac01
:10fe2c0000a0033cc0336224180040ac1c0040ac62
:10fe3c00200040ac2c0040a0240040acc03360ac8f
:10fe4c00040040ac080040ac140040a00c0040acd6
:10fe5c00300040ac80bf023c00800334086643ace9
:08fe6c000800e00300000000a3
:020000040000fa
:020000041d00dd
:10fe74000800032480bf023c006243ac80bf023c04
:10fe840000940434186244ac80bf023cae000424e5
:10fe9400406244ac88bf023c841043ac100003248d
:10fea400841043ac20000324841043ac00a0033c22
:10feb4008c336224180040ac1c0040ac200040ace1
:10fec4002c0040a0240040ac8c3360ac040040ac57
:10fed400080040ac140040a00c0040ac300040ac22
:10fee40080bf023c00800334086243ac0800e00396
:04fef400000000000a
:020000040000fa
:020000041d00dd
:10fef8002518e003019d083c6c8f08250000098d3a
:10ff0800180020110400082500000a8d04000825a7
:10ff180000000b8d090060110400082500000c91f9
:10ff2800ffff4a250100082500002ca1fbff401512
:10ff3800010029250500001000000000000020a194
:10ff4800ffff4a25fdff401501002925030008256c
:10ff5800fcff0a24244048010000098de7ff201512
:10ff68000000000025f860000800e0030000000021
:04ff78000000000085
:020000040000fa
:020000041d00dd
:10ff7c00e0ffbd271c00bfaf1800b1af1400b0af3d
:10ff8c00258080002518a0002510c0002588e000e1
:10ff9c000600601001000524252860000500632c74
:10ffac000100605004000524ff00a530060040103d
:10ffbc0001000624253040001500422c0100405061
:10ffcc0014000624ff00c630fb41400f2520000220
:10ffdc00ff002532f432400f252000021c00bf8f99
:10ffec001800b18f1400b08f0800e0032000bd276b
:020000040000fa
:020000041d00dd
:10fffc00e8ffbd271400bfaf1000b0afa246400f02
:020000041d01dc
:10000c00258080000b004014000000003080858f9c
:10001c00019d043ce445400f100e8424ba45400f6a
:10002c00000000001400bf8f1000b08f0800e00328
:10003c001800bd27823b400f2520000208004054c9
:10004c00019d043c019d043ce445400f300e84248a
:10005c00ba45400f00000000f3ff00101400bf8fe2
:10006c00e445400f4c0e8424efff00101400bf8faa
:020000040000fa
:020000041d01dc
:10007c001b008010000000001b00a01025300000a9
:10008c0080bf033c80bf083c06000724060000101c
:10009c0080bf093c206822ad020084240100c624e4
:1000ac000d00a610000000001068628c00024230a7
:1000bc00fdff4014000000000068028d0600423075
:1000cc00f4ff47500000829400008290206822ad1b
:1000dc00f2ff0010010084240800e0030100022458
:1000ec000800e003251000000800e00301000224d2
:020000040000fa
:020000041d01dc
:1000fc00e0ffbd2725300000e043073c1800b1affe
:10010c001400b0af1c00bfaf25808000223e400f12
:10011c002588a0000f00400425200002252820027d
:10012c0025300000d118400fe043073c252040004b
:10013c001138400f252860001c00bf8f0080043c44
:10014c00251864001800b18f1400b08f0800e0036c
:10015c002000bd271138400f252820021c00bf8f1e
:10016c001800b18f1400b08f0800e0032000bd27e9
:020000040000fa
:020000041d01dc
:10017c0088bf023c8000053c641045ac0001043c87
:10018c00641044ac0002033c641043ac80bf023cde
:10019c00005e40ac80bf023c205e428c88bf023cbb
:1001ac00341045ac341044ac341043ac80bf023c2a
:1001bc0009000324305e43ac80bf023c40000324a2
:1001cc00145e43ac80bf023c0100033c600063241e
:1001dc00085e43ac05000324085e43ac0080033486
:0c01ec00085e43ac0800e00300000000c7
:020000040000fa
:020000041d01dc
:1001f800e8ffbd271400bfaf1000b0af2518a0005e
:100208002528c00088bf023c00020624e86046acee
:1002180000080624e86046ac0800102488bf023ca9
:10022800646150ac400000002538a00025308000f3
:100238003323400f2520600088bf033c686170ac01
:1002480005004050019d043c1400bf8f1000b08f82
:100258000800e0031800bd27f245400fd01f842492
:08026800faff00101400bf8f23
:020000040000fa
:020000041d01dc
:1002700080bf023c1064428c0e00423018004010d7
:1002800080bf023c1064428c0200423005004010e6
:1002900080bf023c80bf023c02000324146443acd4
:1002a00080bf023c1064428c0100423007004010c5
:1002b00080bf033c80bf043c3064828c1064628c3d
:1002c00001004230fcff40140000000088bf023ce7
:1002d00020000324441043ac40000324441043acea
:0802e0000800e003000000002b
:020000040000fa
:020000041d01dc
:1002e80080bf023c1060428c0e0042301800401063
:1002f80080bf023c1060428c020042300500401072
:1003080080bf023c80bf023c02000324146043ac5f
:1003180080bf023c1060428c010042300700401050
:1003280080bf033c80bf043c3060828c1060628ccc
:1003380001004230fcff40140000000088bf023c6e
:100348000004033c341043ac0008033c341043acb5
:080358000800e00300000000b2
:020000040000fa
:020000041d01dc
:1003600080bf023c106a428c0e00423018004010e0
:1003700080bf023c106a428c0200423005004010ef
:1003800080bf023c80bf023c02000324146a43acdd
:1003900080bf023c106a428c0100423007004010ce
:1003a00080bf033c80bf043c306a828c106a628c40
:1003b00001004230fcff40140000000088bf023cf6
:1003c00000020324541043ac00040324541043ac33
:0803d0000800e003000000003a
:020000040000fa
:020000041d01dc
:1003d80080bf023c1062428c0e0042301800401070
:1003e80080bf023c1062428c02004230050040107f
:1003f80080bf023c80bf023c02000324146243ac6d
:1004080080bf023c1062428c01004230070040105d
:1004180080bf033c80bf043c3062828c1062628cd7
:1004280001004230fcff40140000000088bf023c7d
:1004380008000324541043ac10000324541043aca8
:080448000800e00300000000c1
:020000040000fa
:020000041d01dc
:1004500080bf023c1066428c0e00423018004010f3
:1004600080bf023c1066428c020042300500401002
:1004700080bf023c80bf023c02000324146643acf0
:1004800080bf023c1066428c0100423007004010e1
:1004900080bf033c80bf043c3066828c1066628c57
:1004a00001004230fcff40140000000088bf023c05
:1004b00040000324541043ac80000324541043ac88
:0804c0000800e0030000000049
:020000040000fa
:020000041d01dc
:1004c800e0ffbd271800b1af1400b0af1c00bfafec
:1004d8002588a00025808000050000121c00bf8f21
:1004e8000000028207004014000000002580000080
:1004f800251000021800b18f1400b08f0800e00327
:100508002000bd279e2b400f2520200225304000cb
:10051800252820024845400f25200002f4ff4010fe
:100528001c00bf8f00002582e246400f0100042610
:08053800e9ff001025804000de
:020000040000fa
:020000041d01dc
:100540000000052425480500253805002530040055
:100550000c00c010000000000600c10400000000f4
:100560000080093c2b50050023280500233006009d
:100570002330ca001e0407242040c8702338e80036
:1005800004300601c24205004055060025400a011c
:100590004050060002530a0025482a010055070072
:1005a00025482a0125100800251809000800e00345
:0805b000000000000000000043
:020000040000fa
:020000041d01dc
:1005b800e8ffbd271400bfaf1000b0aff947400fe8
:1005c8002580800010004014010002240700021258
:1005d8000200022409000212040002241400bf8f42
:1005e8001000b08f0800e0031800bd2706000224a1
:1005f800308082affaff00101400bf8f308082afc6
:10060800f7ff00101400bf8f019d043ce445400f24
:100618006c0b842403000224308082aff0ff0010aa
:040628001400bf8f6c
:020000040000fa
:020000041d01dc
:10062c00e0ffbd271800b2af259080002520a00068
:10063c001c00bfaf1400b1afc944400f1000b0afe5
:10064c00019d043c0820868c0c20878c252860009a
:10065c00d61b400f2520400025204002258040005d
:10066c00c944400f25886000252040002530000239
:10067c0025382002d318400f252860001c00bf8f9e
:10068c001800b28f1400b18f1000b08f0800e00377
:04069c002000bd2756
:020000040000fa
:020000041d01dc
:1006a000e0ffbd271c00bfaf1800b1af1400b0af12
:1006b000e8030224588082af019d043c801f9024ef
:1006c000e8031124b080828f0b0040180000000066
:1006d0005880828ffbff401400000000f245400f5d
:1006e00025200002ba45400f00000000588091af5d
:1006f000f4ff001000000000cd8080a31c00bf8f1d
:100700001800b18f1400b08f0800e0032000bd274f
:020000040000fa
:020000041d01dc
:1007100088bf023c00100324081043ac08000324e7
:1007200088bf023c981043ac88bf023cf81043ac31
:100730000005033cf81043ac88bf023c0008033cb2
:10074000081143ac88bf023c00040324181143acd9
:1007500088bf023c1000033c481143ac88bf023cf8
:10076000000c0324581143ac0400033c581143ac63
:10077000000c033c581143ac0800e00300000000eb
:020000040000fa
:020000041d01dc
:10078000d8ffbd272400bfaf2000b0af2580a00058
:100790001800a2271400a2aff9ff82241000a2af14
:1007a0000200072425300000a137400f41600524d6
:1007b0001800a38f08004010268083a70004623031
:1007c00006004050000000a201000224000002a226
:1007d0000200001025100000010002242400bf8f39
:0c07e0002000b08f0800e0032800bd27b7
:020000040000fa
:020000041d01dc
:1007ec00e8ffbd27020003241400a3101400bfafc0
:1007fc000300a32c07006014251000000300032441
:10080c001000a310d40003240400a5380400001029
:10081c000a1065000100a538800003240a10650049
:10082c00ffffc524212845003833400fff00a530b9
:10083c001400bf8f0800e0031800bd27f8ff00105c
:0c084c00c0000224f6ff001094000224fb
:020000040000fa
:020000041d01dc
:10085800d8ffbd272400bfaf2000b3af1c00b2af44
:100868001800b1af1400b0af259880000100102423
:10087800019d113c101e3126050012242538200246
:1008880001000624ff000532573b400f2520600277
:1008980001001026faff1216253820022400bf8f07
:1008a8002000b38f1c00b28f1800b18f1400b08fd6
:0808b8000800e0032800bd2741
:020000040000fa
:020000041d01dc
:1008c000e8ffbd271400bfaf1000b0afc409062475
:1008d000019d053ca80ca524019d043ce836400f71
:1008e000b40c8424d846400f3200042400a0103ced
:1008f0009e2b400fa0270426a0270426211082004b
:100900000d000324000043a00046400f010040a05a
:10091000d846400fc80004241400bf8f1000b08fc9
:080920000800e0031800bd27e8
:020000040000fa
:020000041d01dc
:100928000080023481bf033c049062ac04000324bd
:1009380081bf043c009083ac81bf043c056405245e
:10094800109085ac81bf043c021f0524209085ac23
:1009580081bf043c0203053c409085ac81bf043c48
:10096800509083ac0200032488bf043c441083ac3d
:1009780088bf043c781083ac81bf033c089062ac0c
:080988000800e003000000007c
:020000040000fa
:020000041d01dc
:10099000f8ffbd270400bfaf006802400008033c19
:1009a0002510430000688240c000000001000324bd
:1009b00088bf023c641043ac251000000048824010
:1009c000c000000000a0023c2434428c0058824049
:1009d000c000000000680240c4de027c0068824063
:1009e000c000000088bf023c681043ac0400bf8f09
:0809f0000800e0030800bd2728
:020000040000fa
:020000041d01dc
:1009f80000a0033c1c01628c0e0040540000448c93
:100a0800e8ffbd271400bfaf4c44400f200004246a
:100a1800ffff0324050043141400bf8f00a0033c0c
:100a2800e9660424283464ac1400bf8f0800e0038e
:100a38001800bd271c0164acffff03240400431405
:100a48000000000000a0033ce9660424283464acdc
:080a58000800e00300000000ab
:020000040000fa
:020000041d01dc
:100a60000a4572726f722043414e3120586d7431c5
:100a7000212e2e000a4572726f722043414e3120a2
:100a800052637631212e2e000a4572726f72204316
:100a9000414e3120586d74212e2e00000a44657697
:100aa0006963652043414e3120426f6f742100001d
:100ab0000a4572726f722043414e31205263762193
:040ac0002e2e0000d6
:020000040000fa
:020000041d01dc
:100ac400d0ffbd27ff7f02242800b0af3800a6afb7
:100ad400258080003800a6272000a2af1000a4af14
:100ae4001800a4afc20002241000a4272c00bfaf3a
:100af4003c00a7af2400a6af1400a0af2b06400f04
:100b04001c00a2a71000a28f000040a01000a28f1a
:100b14002c00bf8f231050002800b08f0800e00382
:040b24003000bd27b9
:020000040000fa
:020000041d01dc
:100b28000a45544d204d6f64756c65204154205022
:100b38006f727420526573706f6e73652025640040
:100b48000a455448204d6f64756c65204461746192
:100b5800205265636569766564206572726f7220dc
:100b6800256400000a43414e2053444f20496e74c7
:100b7800657272757074204572726f722e2e000045
:020000040000fa
:020000041d01dc
:100b880088bf033c00200224741062ac00080424cf
:100b9800741064ac80bf033c990f0524405465acc5
:100ba80080bf033c045462ac00020524045465acc5
:100bb80000010524045465ac88bf033c441062acb2
:100bc800441064ac80bf023c00800334085443ac3a
:100bd80000a0023c0a0003240800e003e03243ac12
:020000040000fa
:020000041d01dc
:100be800e0ffbd271c00bfaf1800b2af1400b1afc3
:100bf8001000b0af259080002588c000e246400f65
:100c08002580a0000800405025104002000051a097
:100c180025280002e246400f01004424fcff40540e
:100c2800000051a0251040021c00bf8f1800b28f91
:100c38001400b18f1000b08f0800e0032000bd271a
:020000040000fa
:020000041d01dc
:100c48000080013c120080102430810002008104e1
:100c580000000000232004009e000524203887702f
:100c68002328a7000420e400800084248000882c26
:100c78002128a8000342040001000831232088002d
:100c88004020040042220400c045050025208800b9
:100c9800251086000800e0030000000000000000a6
:020000040000fa
:020000041d01dc
:100ca80052657475726e696e6700000c41544f0a84
:100cb800000000004f4b3e002b2b2b000d4e6f20e9
:100cc800526573706f6e736520746f204154207085
:100cd8006f72742e2e000000415423435552495020
:100ce8003f0d00000d4e6f20526573706f6e736577
:0c0cf80020746f2043555249500000004a
:020000040000fa
:020000041d01dc
:100d0400e8ffbd271400bfaf388080a3b80b0624ca
:100d1400019d053cbc0ca524019d043ce836400f14
:100d2400c00c84240900405400a0043c019d043cf0
:100d34000046400fc40c8424d846400fc800042445
:100d44001400bf8f0800e0031800bd270046400fc1
:0c0d5400a0278424f8ff0010000000001d
:020000040000fa
:020000041d01dc
:100d60000a496e76616c6964205353492043686177
:100d70006e6e656c204e756d62657220746f2052c8
:100d8000455345542d2025640a0000000a496e761b
:100d9000616c696420535349204368616e6e656cd1
:100da000204e756d62657220546f20526561642d0e
:100db0002025640a000000000a4932432054696d6e
:100dc000656f7574204572726f7220496e20476599
:100dd000745f493243325f4164726573736573288f
:100de00029206f6e20416464726573732025303250
:100df000582000000a466f756e6420493243204136
:100e00006464726573733a20253032580000000c18
:020000040000fa
:020000041d01dc
:100e10000d53657474696e672043414e205a6572a4
:100e20006f4661696c65642e2e212025640d0d00ce
:100e30000d536176696e672043414e2050617261a7
:100e4000204661696c65642e2e0000000d536176aa
:100e5000696e67205375636365737366756c2e2eb8
:040e60000d0d000074
:020000040000fa
:020000041d01dc
:100e6400e0ffbd271c00bfaf1800b1af1400b0af46
:100e74002588a00001000224070082102580c000fc
:100e8400251000021c00bf8f1800b18f1400b08f12
:100e94000800e0032000bd27252800021f40400f62
:100ea40025202002fdff401025280002f5ff001038
:040eb4002510000203
:020000040000fa
:020000041d01dc
:100eb8000000043ce8ffbd270000842403008010e4
:100ec8001400bfaf09f88000000000000000843063
:100ed8000000a530019d083c90ea082509f80001aa
:100ee800000000000000023c000042240300401003
:100ef8000000000009f8400000000000f9ff0010a1
:040f080000000000e5
:020000040000fa
:020000041d01dc
:100f0c00e8ffbd271400bfaf1000b0afc247400fc1
:100f1c00258080000900401400000000040000122d
:100f2c001400bf8f01000224000002ae1400bf8f1a
:100f3c001000b08f0800e0031800bd27fcff001262
:100f4c001400bf8f02000224f8ff0010000002ae54
:020000040000fa
:020000041d01dc
:100f5c00e0ffbd271c00bfaf1800b1af1400b0af4d
:100f6c000800112488bf023c646051ac0b45400f53
:100f7c001400042488bf103c04000224286002ae34
:100f8c000b45400f14000424286011ae1c00bf8fc9
:100f9c001800b18f1400b08f0800e0032000bd27ab
:020000040000fa
:020000041d01dc
:100fb0000000000000807640000000000000f03ecd
:100fc00000000000e0ffef400000000000002440af
:100fd0000000000000f88f40000000000000044006
:100fe00066666666667e764066666666667e76c01d
:100ff0000000000000004e400000000000004ec055
:020000040000fa
:020000041d01dc
:10100000d8ffbd272400bfaf2000b0af2580a000cf
:101010001800a2271400a2aff9ff82241000a2af8b
:101020000400072425300000a137400f6460052428
:10103000020040101800a38f000003ae2400bf8ff1
:0c1040002000b08f0800e0032800bd274e
:020000040000fa
:020000041d01dc
:10104c00d8ffbd272400bfaf2000b0af2580a00083
:10105c001800a2271400a2aff9ff82241000a2af3f
:10106c000200072425300000a137400f4160052401
:10107c00020040101800a38f000003a62400bf8fad
:0c108c002000b08f0800e0032800bd2702
:020000040000fa
:020000041d01dc
:101098000d204e6f7420526561647920746f20733f
:1010a8007769746368206f6e206166746572204486
:1010b800697361626c6500000d20456e61626c6544
:1010c800206661696c6564000d73776974636820d4
:0c10d8006f6e206661696c6564000000aa
:020000040000fa
:020000041d01dc
:1010e400d8ffbd272400bfaf2000b0af2580a000eb
:1010f4001800a2271400a2aff9ff82241000a2afa7
:101104000100072425300000a137400f606005244a
:10111400020040101800a38f000003a22400bf8f18
:0c1124002000b08f0800e0032800bd2769
:020000040000fa
:020000041d01dc
:10113000e8ffbd271000b0af1400bfaf2b3b400f3e
:10114000258080000800001a25184000ffff0224b7
:101150000500621025206000253000022c3c400f65
:1011600025280000251840001400bf8f25106000be
:0c1170001000b08f0800e0031800bd273d
:020000040000fa
:020000041d01dc
:10117c000a4932432054696d656f7574204572724b
:10118c006f7220496e204765745f54656d70282915
:10119c000000000c0a49324320436f6d6d204572ec
:1011ac00726f72204572726f7220496e204765749f
:0811bc005f54656d70282900e5
:020000040000fa
:020000041d01dc
:1011c400251080007c80848f100203240300831088
:1011d4000f3e033c0800e00300000000e183633499
:1011e4001900430010180000c2190300802a0300ec
:1011f4004021030021188300002103002310440030
:081204000800e0032510a20020
:020000040000fa
:020000041d01dc
:10120c000000023c00004224070040100000023c99
:10121c000000422405004050019d023c3f0000703c
:10122c000800e00300000000019d023ce012422493
:10123c00030040100000000009f84000000000000e
:08124c000800e00300000000af
:020000040000fa
:020000041d01dc
:1012540000000000000014400000000000003940bd
:1012640000000000008883400000000084d717417c
:101274000080e03779c34142176e05b5b5b8934491
:10128400f5f93fe9034f3849321d30f94877825266
:081294003cbf737fdd4f1565bf
:020000040000fa
:020000041d01dc
:10129c00e0ffbd271c00bfafc00002240a100500f0
:1012ac0025284000f9ff82241400a2af1000a5af3e
:1012bc000100072425300000e035400f7e60052436
:1012cc0001004238ff0042301c00bf8f0800e003d1
:0412dc002000bd270a
:020000040000fa
:020000041d01dc
:1012e00000606041c000000099aa033c81bf023c3d
:1012f0005566632430f240ac30f243ac6655033c93
:10130000aa99633430f243ac81bf023c010003244c
:1013100018f643ac81bf023c10f6428cba44400b35
:1013200000000000e8ffbd271000b0af1400bfaf01
:101330005041400f25808000080001061400bf8f37
:10134000019d043cf01f868cf41f878c25286000cb
:10135000d318400f252040001400bf8f1000b08f1d
:081360000800e0031800bd279e
:020000040000fa
:020000041d01dc
:1013680025108000251880000800c0502130660034
:101378000100a524ffffa48001006324ffffc62409
:10138800f9ff8014ffff64a0213066000300661493
:10139800010063240800e00300000000fbff0010c8
:0413a800ffff60a043
:020000040000fa
:020000041d01dc
:1013ac00e0ffbd271c00bfafd7ff02241400a2a38f
:1013bc00020006241400a5277e40400f1000a4272d
:1013cc001100a393010063301002042400020224d4
:1013dc000a1083001c00bf8f0800e0032000bd270b
:020000040000fa
:020000041d01dc
:1013ec00f8ffbd270400bfaf006802400008033cb3
:1013fc002510430000688240c000000000a0023ca1
:10140c0018344324409c04340c0064ac080060acd9
:10141c00183440ac0400bf8f0800e0030800bd275f
:020000040000fa
:020000041d01dc
:10142c00f8ffbd270000a0af0000a28f2b104400d6
:10143c000900401000000000400000000000a28fd6
:10144c00010042240000a2af0000a28f2b10440028
:10145c00f9ff4014000000000800e0030800bd275d
:020000040000fa
:020000041d01dc
:10146c00e8ffbd271400bfafa1808293ff0042307c
:10147c00070040142510000000a0023c0401422487
:10148c00100044ac0800428c09f840000000000039
:0c149c001400bf8f0800e0031800bd27fb
:020000040000fa
:020000041d01dc
:1014a80000a0023c1c3342900a0040102000032494
:1014b80088bf023c741043ac40000324741043ac52
:1014c80000a0023cf03242242c0040a0200040ac96
:0c14d8001c0040ac0800e00301000224ee
:020000040000fa
:020000041d01dc
:1014e40000a0023cb83342900a00401008000324d4
:1014f40088bf023c841043ac10000324841043ac26
:1015040000a0023c8c3342242c0040a0200040acbc
:0c1514001c0040ac0800e00301000224b1
:020000040000fa
:020000041d01dc
:10152000251800000300c354211083000800e003c5
:1015300025100000000042802138a3000300401065
:101540000000e780f7ff471001006324ff00e73049
:0c155000ff0042300800e00323104700b9
:020000040000fa
:020000041d01dc
:10155c000800c0102510800020000324231866000a
:10156c000600601c0620c500252000000610c500e2
:10157c00252880000800e0032518a0000610c200f2
:0c158c0004286500faff0010251045003f
:020000040000fa
:020000041d01dc
:10159800e0ffbd271c00bfaff9ff82241400a2aff3
:1015a8001000a5af0400072425300000e035400fe7
:1015b800ff60052401004238ff0042301c00bf8f45
:0815c8000800e0032000bd272c
:020000040000fa
:020000041d01dc
:1015d000e0ffbd271c00bfaff9ff82241400a2afbb
:1015e0001000a5af0400072425300000e035400faf
:1015f0008160052401004238ff0042301c00bf8f8b
:081600000800e0032000bd27f3
:020000040000fa
:020000041d01dc
:10160800e0ffbd271c00bfaff9ff82241400a2af82
:101618001000a5af0400072425300000e035400f76
:101628008460052401004238ff0042301c00bf8f4f
:081638000800e0032000bd27bb
:020000040000fa
:020000041d01dc
:10164000e0ffbd271c00bfaff9ff82241400a2af4a
:101650001000a5af0400072425300000e035400f3e
:101660008360052401004238ff0042301c00bf8f18
:081670000800e0032000bd2783
:020000040000fa
:020000041d01dc
:10167800e0ffbd271c00bfafd7ff02241400a2a3c0
:10168800020006241400a5277e40400f1000a4275e
:101698001100a293400042388001427c1c00bf8f99
:0816a8000800e0032000bd274b
:020000040000fa
:020000041d01dc
:1016b000e0ffbd271c00bfafd7ff02241400a2a388
:1016c000020006241400a5277e40400f1000a42726
:1016d0001100a29327100200c001427c1c00bf8fa2
:0816e0000800e0032000bd2713
:020000040000fa
:020000041d01dc
:1016e800e8ffbd271400bfaf1000b0af0100102401
:1016f80088bf023c246050acd846400ff401042453
:1017080088bf023c286050ac1400bf8f1000b08f17
:081718000800e0031800bd27e2
:020000040000fa
:020000041d01dc
:10172000e8ffbd271400bfaf1000b0af01001024c8
:1017300088bf023c246050acd846400f32000424dd
:1017400088bf023c286050ac1400bf8f1000b08fdf
:081750000800e0031800bd27aa
:020000040000fa
:020000041d01dc
:1017580080bf023c08000324006843ac80bf023c01
:1017680000940334186843ac80bf023c5a01032438
:10177800406843ac80bf023c00800334086843ac37
:081788000800e003000000006e
:020000040000fa
:020000041d01dc
:10179000e0ffbd272400a5af2528800000a0043c61
:1017a0002800a6af5c3184242400a6271c00bfaf0c
:1017b0002c00a7af8d0c400f1000a6af1c00bf8ff0
:0817c0000800e0032000bd2732
:020000040000fa
:020000041d01dc
:1017c800e0ffbd272400a5af2528800000a0043c29
:1017d8002800a6af5c3184242400a6271c00bfafd4
:1017e8002c00a7afc00e400f1000a6af1c00bf8f83
:0817f8000800e0032000bd27fa
:020000040000fa
:020000041d01dc
:10180000e0ffbd272400a5af2528800000a0043cf0
:101810002800a6af5c3184242400a6271c00bfaf9b
:101820002c00a7af0000400f1000a6af1c00bf8f18
:081830000800e0032000bd27c1
:020000040000fa
:020000041d01dc
:10183800e0ffbd271c00bfaff9ff82241400a2af50
:10184800220002241000a2af010007242530000066
:10185800e035400f986005241c00bf8f0800e003a6
:041868002000bd2778
:020000040000fa
:020000041d01dc
:10186c00e0ffbd271c00bfafd7ff02241400a2a3ca
:10187c00020006241400a5277e40400f1000a42768
:10188c001100a2938018427c1c00bf8f0800e0035b
:04189c002000bd2744
:020000040000fa
:020000041d01dc
:1018a000e8ffbd271400bfaf010002241c8082a303
:1018b0003f47400f25200000208082a73f47400f70
:1018c000010004241e8082a71400bf8f0800e003db
:0418d0001800bd2718
:020000040000fa
:020000041d01dc
:1018d400e8ffbd271400bfaf88bf023c0200032409
:1018e400441043acd480828f040040101400bf8f96
:1018f40009f84000d880848f1400bf8f0800e003eb
:041904001800bd27e3
:020000040000fa
:020000041d01dc
:10190800f8ffbd270400bfaf801004002120440069
:10191800c020040000480340004802402310430050
:101928002b104400fcff40140400bf8f0800e003a4
:041938000800bd27bf
:020000040000fa
:020000041d01dc
:10193c00e8ffbd270800a0101400bfaf200007244b
:10194c0025300000d937400f000000001400bf8f75
:10195c000800e0031800bd2725380000f9ff00102f
:04196c000400062449
:020000040000fa
:020000041d01dc
:101970000a5472696564204d756c7469706c6520d9
:1019800074696d657320746f2057726974652046a1
:101990006c61736820446174612e2e256400000020
:1019a000286e756c6c29000030313233343536378f
:1019b000383941424344454600000000303132335b
:1019c000343536373839616263646566000000007b
:020000040000fa
:020000041d01dc
:1019d000286e756c6c29000030313233343536375f
:1019e00038394142434445460000000c303132331f
:1019f0003435363738396162636465660000000c3f
:101a0000286e756c6c29000030313233343536372e
:101a100038394142434445460000000030313233fa
:101a2000343536373839616263646566000000001a
:020000040000fa
:020000041d01dc
:101a300000a0023c00a0033c60276324942643ac32
:101a40004c8080af942642244c808327040043ac12
:0c1a5000010003240800e003080043a08c
:020000040000fa
:020000041d01dc
:101a5c00e0ffbd271c00bfaf1400a5af1000a4af62
:101a6c000400072425300000a137400f0020052476
:0c1a7c001c00bf8f0800e0032000bd2705
:020000040000fa
:020000041d01dc
:101a8800e0ffbd271c00bfaf1400a4af1000a0af3b
:101a98000400072425300000e035400f03600524ca
:0c1aa8001c00bf8f0800e0032000bd27d9
:020000040000fa
:020000041d01dc
:101ab4008011040088bf043c20608424212082001b
:101ac4000000828c263046002428c5002628a20067
:0c1ad400000085ac0800e00300000000ea
:020000040000fa
:020000041d01dc
:101ae000f8ffbd270400bfaf00480240b7d1033c58
:101af000591763241900430010100000c21302009c
:0c1b00000400bf8f0800e0030800bd27b0
:020000040000fa
:020000041d01dc
:101b0c0000a0043cf433822401000324080043acfd
:101b1c0000a0033c30346324f43383ac0000033c5a
:0c1b2c00000263240800e003040043ac46
:020000040000fa
:020000041d01dc
:101b38000e00822c060040108021040089bf023c60
:101b480054b342242120440008000224000082ac3f
:081b58000800e003000000009a
:020000040000fa
:020000041d01dc
:101b6000548084af5480828f050040100000000034
:101b7000400000005480828ffdff401400000000f0
:081b80000800e0030000000072
:020000040000fa
:020000041d01dc
:101b880025108000202c057c00004380040065108f
:101b980000000000fcff6014010042242510000032
:081ba8000800e003000000004a
:020000040000fa
:020000041d01dc
:101bb000000000000000e03f000000000000f03fd7
:101bc00000000000000024409a9999999999b93f22
:081bd00095d626e80b2e11400a
:020000040000fa
:020000041d01dc
:101bd800e8ffbd271400bfafe938400f0000000040
:101be800c039427c2b1002001400bf8f0800e003ac
:041bf8001800bd27ed
:020000040000fa
:020000041d01dc
:101bfc0006008010c030060000a0023c18034224ee
:101c0c002130c2000000c4ac0400c5ac0800e003e5
:041c1c0000000000c4
:020000040000fa
:020000041d01dc
:101c200042180400050060102510800026104300b3
:101c300042180300feff6054261043000800e00332
:041c400000000000a0
:020000040000fa
:020000041d01dc
:101c440070808293ff0042300400401000000000c6
:101c5400e880828f01004224e88082af0800e0031c
:041c6400000000007c
:020000040000fa
:020000041d01dc
:101c680002110400801802002110430040100200f5
:101c78000f008430211044000800e003ff004230c8
:020000040000fa
:020000041d01dc
:101c8800000000000000f03f0000000000002440b9
:101c9800000000000000e03f95d626e80b2e11401a
:020000040000fa
:020000041d01dc
:101ca800e8ffbd271400bfaf3833400f0f000524ed
:0c1cb8001400bf8f0800e0031800bd27d7
:020000040000fa
:020000041d01dc
:101cc400e8ffbd271400bfaf3833400f0c000524d4
:0c1cd4001400bf8f0800e0031800bd27bb
:020000040000fa
:020000041d01dc
:101ce0000d4c4344204d6f64756c65202564204283
:0c1cf000757379204572726f722e2e0001
:020000040000fa
:020000041d01dc
:101cfc000021040081bf023c70904224211044005a
:0c1d0c000000428c0800e0030000000012
:020000040000fa
:020000041d01dc
:101d180081bf033c00f0628c4001427cfdff401013
:0c1d2800000000000800e00300000000c4
:020000040000fa
:020000041d01dc
:101d34008021040088bf023c10604224211044002a
:0c1d44000000428c0800e00300000000da
:020000040000fa
:020000041d01dc
:101d50008021040088bf023c086042242110440016
:0c1d6000000045ac0800e003000000009b
:020000040000fa
:020000041d01dc
:101d6c008021040088bf023c0460422421104400fe
:0c1d7c00000045ac0800e003000000007f
:020000040000fa
:020000041d01dc
:101d88000400801000a0023cbc3242242c0044ac69
:0c1d9800300045ac0800e0030000000033
:020000040000fa
:020000041d01dc
:101da400e8ffbd271400bfafc217400f00000000ba
:0c1db4001400bf8f0800e0031800bd27da
:020000040000fa
:020000041d01dc
:101dc000286e756c6c29000030313233343536376b
:0c1dd00038396162636465660000000c35
:020000040000fa
:020000041d01dc
:101ddc000080013c2628a1002510040025180500d0
:0c1dec000800e003000000000000000000
:020000040000fa
:020000041d01dc
:101df8000000200201000003000000000b000000aa
:081e08000100000000000000d1
:020000040000fa
:020000041d01dc
:101e100020202020202020202020202020202020c2
:081e200020202020000000003a
:020000040000fa
:020000041d01dc
:101e2800aa8251499d80b63f00000000000018407a
:081e380000000000008076406c
:020000040000fa
:020000041d01dc
:101e400000a0033cf03263243000628c300060acb0
:081e50000800e003000000009f
:020000040000fa
:020000041d01dc
:101e580000a0033c8c3363243000628c300060acfb
:081e68000800e0030000000087
:020000040000fa
:020000041d01dc
:101e7000f8ffbd270400bfaf0068024000700240b9
:081e8000ffff0010000000004c
:020000040000fa
:020000041d01dc
:101e8800f8ffbd270400bfaf0068024000700240a1
:081e9800ffff00100000000034
:020000040000fa
:020000041d01dc
:101ea00000601a40bfff1b3cffff7b3724d05b0361
:081eb00000609a401800004296
:020000040000fa
:020000041d01dc
:101eb8000400828c000040ac010002240800e0030a
:041ec800080082a0ec
:020000040000fa
:020000041d01dc
:101ecc0008008290ffff4224ff0042300800e0032c
:041edc000200422c92
:020000040000fa
:020000041d01dc
:101ee00081bf023c02000324049043ac0800e003dd
:041ef00000000000ee
:020000040000fa
:020000041d01dc
:101ef40000a0023c183444ac183442240800e00327
:041f0400040045ace4
:020000040000fa
:020000041d01dc
:101f080000a0033cbc3263242800628c0800e00374
:041f1800280060ac91
:020000040000fa
:020000041d01dc
:101f1c0000a0023cf0324224240044ac0800e00350
:041f2c00280045ac98
:020000040000fa
:020000041d01dc
:101f300000a0023cf03242240c0044ac0800e00354
:041f4000100045ac9c
:020000040000fa
:020000041d01dc
:101f440000a0023c8c334224240044ac0800e0038b
:041f5400280045ac70
:020000040000fa
:020000041d01dc
:101f580000a0023c8c3342240c0044ac0800e0038f
:041f6800100045ac74
:020000040000fa
:020000041d01dc
:101f6c0000a0023c1c01438c1c0144ac0800e003a3
:041f7c00000083ac32
:020000040000fa
:020000041d01dc
:101f80000d4b6579507265737365642e2e00000cdd
:020000040000fa
:020000041d01dc
:101f9000d4808227000044ac0800e003040045ac74
:020000040000fa
:020000041d01dc
:0c1fa000030002240800e003080082a0f7
:020000040000fa
:020000041d01dc
:0c1fac00020002240800e003080082a0ec
:020000040000fa
:020000041d01dc
:0c1fb800358080a30800e003000000005a
:020000040000fa
:020000041d01dc
:0c1fc400378080a30800e003000000004c
:020000040000fa
:020000041d01dc
:0c1fd0000a535049204572726f720000e5
:020000040000fa
:020000041d01dc
:081fdc000000230055aaaa55dc
:020000040000fa
:020000041d01dc
:081fe4000800e003e480828f95
:020000040000fa
:020000041d01dc
:081ff000000000000000f041b8
:020000040000fa
:020000041d01dc
:081ff8000800e00300000000f6
:020000040000fa
:020000041d01dc
:082000000800e00300000000ed
:020000040000fa
:020000041d01dc
:08200800000000000000f0419f
:020000040000fa
:020000041d01dc
:040fac000000803d84
:00000001FF
